,AUC-PR,AUC-ROC,VUS-PR,VUS-ROC,Standard-F1,PA-F1,Event-based-F1,R-based-F1,Affiliation-F
001_NAB_id_1_Facility_tr_1007_1st_2014.csv,0.2043706115037962,0.5306367511367732,0.2027393667017019,0.5362101628087205,0.1981533678270979,0.9999999999999996,0.9999999999999993,0.4448181236717767,0.7782204361502774
002_NAB_id_2_WebService_tr_1500_1st_4106.csv,0.6413630671970192,0.7748919789089204,0.640809162028979,0.784858630940706,0.6267043044713946,0.9999999999999996,0.9999999999999993,0.5516143701682583,0.6911656237715106
005_NAB_id_5_Traffic_tr_594_1st_1645.csv,0.09992046816984879,0.41904160075987423,0.10376501164221938,0.4313221878074276,0.18608118956856995,0.9596774193548382,0.2857142857142854,0.2743885702635621,0.6150800761227403
006_NAB_id_6_Traffic_tr_2579_1st_5839.csv,0.8211504646945835,0.9745352839301523,0.8064545807871593,0.9768080536191706,0.7311128863222186,0.8651826963460726,0.7499999999999993,0.7257688238961839,0.6855966243285958
008_NAB_id_8_Synthetic_tr_1007_1st_2734.csv,0.7757845448072664,0.8426789996010577,0.8053441208839502,0.8725362630531621,0.7961115711455894,0.9999999999999996,0.9999999999999993,0.8291813878824703,0.7787619692537158
009_NAB_id_9_Traffic_tr_500_1st_438.csv,0.22187443652075559,0.8112634485385128,0.24640348334939363,0.8338672064779484,0.40205783828012504,0.7128712871287124,0.04395604395604391,0.5588235294117647,0.8255229107044739
010_NAB_id_10_WebService_tr_500_1st_271.csv,0.4838933661783526,0.770286131201624,0.6727931552536522,0.8853742380145988,0.427978777000946,0.7967479674796742,0.7999999999999993,0.7085427135678393,0.8676440879974764
011_NAB_id_11_Facility_tr_1007_1st_1526.csv,0.9857056665348871,0.9980006144655632,0.99587612843637,0.9994895249938471,0.928496494734744,0.9999999999999996,0.9999999999999993,0.9294162126199076,0.989065232166468
013_NAB_id_13_Traffic_tr_623_1st_2084.csv,0.5414266112096127,0.9449433401315601,0.8755369684136051,0.9872891097745162,0.6795443169503786,0.9763779527559049,0.5714285714285708,0.5134084603548559,0.7327183485758325
014_NAB_id_14_WebService_tr_500_1st_1045.csv,0.22692448598744686,0.3760497814934448,0.22356564533761045,0.38506772853985943,0.2512038274544825,0.9999999999999996,0.9999999999999993,0.4489795918367347,0.6322690264064139
015_NAB_id_15_Synthetic_tr_1007_1st_2787.csv,0.9951276391923454,0.9992829968294497,0.9971128619462025,0.9996393758516807,0.964138428721481,0.9999999999999996,0.9999999999999993,0.9218158890290037,0.673821791128071
016_NAB_id_16_Environment_tr_1816_1st_3540.csv,0.2931070448028834,0.7788235304053198,0.28674061247618227,0.7867600543746499,0.35881597164385837,0.9608493696084931,0.6666666666666661,0.3344051446945338,0.6686076531097139
017_NAB_id_17_Synthetic_tr_1007_1st_1805.csv,0.5708268555380784,0.7686241567033941,0.5739016949777839,0.7823529100132991,0.6754485744591938,0.9999999999999996,0.9999999999999993,0.7561881188118812,0.993589065370334
018_NAB_id_18_Facility_tr_500_1st_669.csv,0.07542197911012233,0.3862305362506441,0.1003250895600134,0.4308349134363299,0.2280149597946861,0.2854973424449504,0.01671891327063739,0.34185197676254037,0.46011239066117593
019_NAB_id_19_Facility_tr_1007_1st_1171.csv,0.2420338432011738,0.5037441476177361,0.23778774548088588,0.5077378691849446,0.2868822897375296,0.9999999999999996,0.9999999999999993,0.405103668261563,0.6751169106408531
020_NAB_id_20_Synthetic_tr_1007_1st_2679.csv,0.9999099016161312,0.999983471932981,0.999987619158447,0.9999988312968331,0.9943452825403308,0.9999999999999996,0.9999999999999993,0.9945094568975833,0.691271750204622
022_NAB_id_22_Facility_tr_1007_1st_2980.csv,0.8426374387826688,0.9644151348509081,0.904029153590273,0.9782997749549767,0.8214235764979974,0.9999999999999996,0.9999999999999993,0.8351747871762363,0.8639047220531172
023_NAB_id_23_Facility_tr_4512_1st_16551.csv,0.6161851595812708,0.9349499411093227,0.6229442880241959,0.9350984499063413,0.6656040629032759,0.9953488372093018,0.4615384615384611,0.3180061007024335,0.7847188797814543
024_NAB_id_24_Synthetic_tr_1007_1st_2787.csv,0.9976224476654407,0.9996464852992186,0.9996871497591697,0.9999648808843613,0.9697492579078869,0.9999999999999996,0.9999999999999993,0.9711191335740073,0.9688985568875029
025_NAB_id_25_WebService_tr_3958_1st_4614.csv,0.12697191153763712,0.4857496793698952,0.11858052253962122,0.4893529246809833,0.182288507669202,0.9999999999999996,0.9999999999999993,0.3569051580698835,0.6638500613277601
026_NAB_id_26_Traffic_tr_624_1st_2261.csv,0.20588107237762415,0.585906808543851,0.2018432027792048,0.5889087713071486,0.24458492003881505,0.9999999999999996,0.9999999999999993,0.39622641509433965,0.6596299551807182
027_NAB_id_27_Facility_tr_757_1st_2582.csv,0.8087759349559199,0.9621812080536912,0.8052714285147836,0.9624694495096284,0.7878740128847704,0.9999999999999996,0.9999999999999993,0.8344988344988344,0.6853086500144888
028_NAB_id_28_Facility_tr_1007_1st_3447.csv,0.8909037632833283,0.9856467518712503,0.9582536621617508,0.9947091584037796,0.8167093180445855,0.9999999999999996,0.9999999999999993,0.8128544423440454,0.9715558502080144
032_WSD_id_4_WebService_tr_4559_1st_11822.csv,0.9778959475268116,0.9999208043927164,0.9407246328158125,0.9998803557357989,0.935478876197324,0.9999999999999996,0.9999999999999993,0.9403107113654948,0.697325592051013
039_WSD_id_11_WebService_tr_1746_1st_1846.csv,0.3417329377292602,0.9775416295983554,0.6341296943886032,0.9841943036929846,0.4068915919748438,0.471816283924843,0.2666666666666664,0.49747259439707675,0.7797795049967197
040_WSD_id_12_WebService_tr_4559_1st_9714.csv,0.01027014736241062,0.8949711459192085,0.0217734662663882,0.8826854382629463,0.03151333648339144,0.03484754200373361,0.006451612903225797,0.13712296010403993,0.714313088000974
043_WSD_id_15_WebService_tr_4521_1st_6828.csv,0.5020460280250505,0.9663974777366006,0.30983358682316714,0.9674119414105153,0.6666622222518517,0.6666666666666661,0.6666666666666657,0.6666666666666666,0.6793561823337678
049_WSD_id_21_WebService_tr_4297_1st_7097.csv,0.8515549374523284,0.9998232743871945,0.5318075824013312,0.9990448049209689,0.8888838901767626,0.9180327868852454,0.7272727272727265,0.7861372344130966,0.70398120721495
054_WSD_id_26_WebService_tr_2409_1st_2509.csv,0.18619787291991902,0.9441456860556451,0.3156387088734037,0.9561303908255243,0.22988248342160864,0.27100271002709997,0.3333333333333329,0.5436143867575997,0.6742147427541103
058_WSD_id_30_WebService_tr_1136_1st_1236.csv,0.9293650793650794,0.999965712091288,0.25669601417022936,0.9984910819755756,0.8888839506447186,0.9999999999999993,0.9999999999999991,0.888888888888889,0.6341508653160676
060_WSD_id_32_WebService_tr_4576_1st_4766.csv,0.824775449062706,0.999149569183274,0.9122141772224442,0.9996509388150343,0.7924478373401084,0.976076555023923,0.8648648648648642,0.855900490123363,0.6670010544106636
068_WSD_id_40_WebService_tr_4549_1st_13322.csv,0.42910862661471966,0.9111966473830456,0.14843814047458714,0.9280125660391423,0.5652127316074134,0.6190476190476186,0.666666666666666,0.6046511627906976,0.6771474765288797
074_WSD_id_46_WebService_tr_990_1st_1090.csv,0.8581072401068889,0.9975576153748601,0.9148727025060245,0.998760999910799,0.7935434079396708,0.8683274021352309,0.6909090909090904,0.8188747396862633,0.740643644875297
089_WSD_id_61_WebService_tr_1010_1st_1110.csv,0.3120378613533217,0.9672938371555181,0.6887612926623095,0.9771905411901035,0.3658867922478465,0.3883248730964462,0.1846153846153842,0.4003511060252558,0.7787929257206004
094_WSD_id_66_WebService_tr_3309_1st_3914.csv,0.4901739383554434,0.9959486657865692,0.8152765397084635,0.9988110472161481,0.46808130378824764,0.49999999999999944,0.49999999999999944,0.6027318475916607,0.6676600120515864
099_WSD_id_71_WebService_tr_4559_1st_14411.csv,0.9008197953283483,0.9997479875870482,0.7939765801624328,0.9995809055417483,0.8118763650909004,0.9999999999999996,0.9999999999999993,0.8549618320610688,0.6748101196377457
106_WSD_id_78_WebService_tr_3363_1st_3463.csv,0.940349357839388,0.9989058891346201,0.8613786682895188,0.9981151019706129,0.9059356383223744,0.9140049140049133,0.6666666666666661,0.7721795390214315,0.6961699027185925
113_WSD_id_85_WebService_tr_500_1st_335.csv,0.28801702002886975,0.9859609865775122,0.6432710321485233,0.9931313999091257,0.3282393692825665,0.3706896551724133,0.222222222222222,0.5240131923342339,0.6934941036350304
117_WSD_id_89_WebService_tr_3251_1st_3351.csv,1.0,1.0,0.3882048914119589,0.9987668293438682,0.9999950000249999,0.9999999999999991,0.9999999999999983,1.0,0.6974393203815612
125_WSD_id_97_WebService_tr_2217_1st_2317.csv,0.6627921457668081,0.9957873987801747,0.8390030040270514,0.9984545258986293,0.6163747655656151,0.7465437788018428,0.6249999999999993,0.7164300372521243,0.7285927442126919
130_WSD_id_102_WebService_tr_2362_1st_2462.csv,0.5487077442239998,0.9902330730998765,0.8111213249932441,0.9978949636797538,0.6788105520774689,0.9069767441860459,0.4999999999999996,0.7313360138307773,0.6849258782483875
137_WSD_id_109_WebService_tr_4559_1st_14404.csv,0.9804732248710938,0.9999384582677121,0.8997937656864398,0.9997959914486849,0.9430844391830076,0.9999999999999996,0.9999999999999993,0.9466746554823248,0.6712655859880664
139_WSD_id_111_WebService_tr_1701_1st_1801.csv,0.3833805062168316,0.9531025183811287,0.5166630739788418,0.9639639887425749,0.39999669258933107,0.4352331606217612,0.2666666666666664,0.43222782878671395,0.835604377415606
140_MSL_id_1_Sensor_tr_530_1st_630.csv,0.9976046146681201,0.9998711473966405,0.9996409849330056,0.9999883560251166,0.9679950051457735,0.9999999999999996,0.9999999999999993,0.9728353140916809,0.9854602683441424
141_MSL_id_2_Sensor_tr_500_1st_550.csv,0.5685304000359731,0.77385784468264,0.5919568045640958,0.7882304228784451,0.6744916553677419,0.7836257309941516,0.6666666666666661,0.5843023255813953,0.7559960056811749
143_MSL_id_4_Sensor_tr_980_1st_3550.csv,0.9070858454920637,0.9952214618006712,0.9785052462291627,0.9991314098277717,0.8046826614670822,0.9999999999999996,0.9999999999999993,0.8437888081887631,0.8181247762608312
144_MSL_id_5_Sensor_tr_1525_1st_4590.csv,0.014215590813111608,0.25267699910095287,0.019388642505700895,0.3451620391925152,0.053997825796093184,0.06322393822393817,0.002056555269922877,0.05398722439728003,0.5863596351319605
145_MSL_id_6_Sensor_tr_530_1st_630.csv,0.7568366256781007,0.9716273725880402,0.8607117852238487,0.9870090044326463,0.6639626134225317,0.9999999999999996,0.9999999999999993,0.5506555423122765,0.7498221848351313
147_MSL_id_8_Sensor_tr_590_1st_690.csv,0.2702020996092882,0.8565962656871746,0.3588570630022749,0.8743081377513741,0.4746075400780881,0.6494845360824738,0.1081081081081079,0.5675700293353158,0.6944639530977144
148_MSL_id_9_Sensor_tr_883_1st_1238.csv,0.8777713526910765,0.9831789558565298,0.9174149324385968,0.9904337225175961,0.8393235809343268,0.9999999999999996,0.9999999999999993,0.879573866052308,0.6738058827175093
149_Stock_id_1_Finance_tr_500_1st_7.csv,0.07587592530916606,0.6154262605252465,0.8626011598188521,0.9152888886183177,0.13257792837373536,0.13262999246420468,0.12497611312822443,0.09817754115022727,0.5512292460301756
151_Stock_id_3_Finance_tr_500_1st_62.csv,0.062325005677104514,0.5714423858759363,0.8533585588686076,0.9091412509839223,0.10819578467276711,0.10819726208147767,0.10202725157859739,0.1609796168645083,0.4882442963521659
155_Stock_id_7_Finance_tr_500_1st_18.csv,0.06494372710298112,0.5717089648825429,0.9267724643484246,0.9526621595075102,0.1087646112068758,0.10876730388925483,0.10379304872242474,0.11936472150766783,0.48361435097475847
156_Stock_id_8_Finance_tr_500_1st_24.csv,0.30471971727045977,0.9046360873498708,0.5412288276992208,0.9141640735650417,0.37930598128027804,0.37931034482758574,0.3576341127922966,0.446247115302763,0.8076355320447082
160_Stock_id_12_Finance_tr_500_1st_14.csv,0.09370754547840168,0.6658572930905138,0.7512510753987697,0.8659517780790186,0.1519463679810361,0.15194979829672758,0.14516834280717064,0.1358742158454527,0.610677169818761
162_Stock_id_14_Finance_tr_500_1st_4.csv,0.1693196643725529,0.5669286122599954,0.9487502878212548,0.9615164148906712,0.2553967774656905,0.2558112094395278,0.22937131630648303,0.20162005827764315,0.5067276148912323
165_Stock_id_17_Finance_tr_500_1st_7.csv,0.1623265642802555,0.5471864443177352,0.9728382526530774,0.9795808696960301,0.25207510915566517,0.25210825111613266,0.22193457284066814,0.12235921845330461,0.49928094009811663
166_Stock_id_18_Finance_tr_500_1st_18.csv,0.1987076837664926,0.6097188193618315,0.892632908146506,0.9219971051754169,0.2769070669616946,0.2775106279183215,0.2439718329895438,0.16034436326087975,0.5652581600030065
169_Daphnet_id_1_HumanActivity_tr_9693_1st_20732.csv,0.5120401189615605,0.9020319921201694,0.5174926630187716,0.9196321982883302,0.5478419224324778,0.7802340702210658,0.39215686274509753,0.4891457370731851,0.7767212982683251
170_MITDB_id_1_Medical_tr_17675_1st_17775.csv,0.5354980058204779,0.9480376852168533,0.5802760910440009,0.9640053589175737,0.5837267022423892,0.7800438099554342,0.1288244766505633,0.6421294919251667,0.691306261189423
171_MITDB_id_2_Medical_tr_50000_1st_88864.csv,0.8730778280482875,0.9938321233753417,0.8315658218874515,0.9931053876775544,0.7728090511996403,0.8932281539914444,0.5263157894736837,0.6936776405218423,0.792999423515269
172_MITDB_id_3_Medical_tr_27274_1st_27374.csv,0.7377297209278129,0.9872646869945455,0.8331317001469849,0.9947443100195595,0.7579974933404943,0.9150875642229706,0.2033898305084743,0.7586731991350553,0.6773786131248284
173_MITDB_id_4_Medical_tr_13620_1st_13720.csv,0.20465471339199762,0.5285811507412282,0.22473333956058375,0.603607638705055,0.2926146076944487,0.42254744948376277,0.052132701421800674,0.3244229987827855,0.63331458611175
175_MITDB_id_6_Medical_tr_27274_1st_27374.csv,0.6423716238370565,0.9845578631315077,0.6842535078188118,0.9895005163361991,0.6844334698905825,0.8780439712116725,0.24539877300613475,0.6354720080640901,0.6773671137825765
176_MITDB_id_7_Medical_tr_6232_1st_6332.csv,0.8195388212125516,0.9890793397783352,0.8791821073011923,0.9951701422361564,0.8335746536044275,0.9563819720792767,0.3954994885782472,0.876857261787408,0.7917486898577462
177_MITDB_id_8_Medical_tr_17675_1st_17775.csv,0.667282353779494,0.9736812044224814,0.773250008624956,0.9879428039838283,0.7034318307522606,0.9011787584653957,0.14715291106845776,0.7362915836735044,0.6909777679261422
178_SMD_id_1_Facility_tr_6000_1st_10609.csv,0.5947139901826223,0.9402336913256951,0.597968568840299,0.9692580764423822,0.6366071607839311,0.8534583821805387,0.555555555555555,0.5294223739512713,0.6888335685224004
179_SMD_id_2_Facility_tr_5925_1st_17580.csv,0.915751676681366,0.9993324999696591,0.9423778572537826,0.9997066432868797,0.8284911553396349,0.9999999999999996,0.9999999999999993,0.8271891762615737,0.6557651495005068
180_SMD_id_3_Facility_tr_5925_1st_17580.csv,0.9284567507043201,0.9970727617246512,0.8546982459511873,0.9976634955314992,0.9337698563924874,0.9999999999999996,0.9999999999999993,0.7037037037037037,0.9999235229770542
181_SMD_id_4_Facility_tr_5000_1st_15144.csv,0.6709551247862972,0.9771097934324038,0.7519348484106494,0.9838003406475617,0.6221265806901206,0.9649309245483523,0.4705882352941172,0.777141291113451,0.8349693869498498
183_SMD_id_6_Facility_tr_5925_1st_17580.csv,0.9582681135536664,0.9997029229113977,0.9683917865456376,0.9998627101182721,0.8846104512109452,0.9999999999999996,0.9999999999999993,0.8843257803613424,0.6664497160499145
184_SMD_id_7_Facility_tr_7119_1st_15849.csv,0.5028541257003092,0.759645555683678,0.5095979065101018,0.7626990689909893,0.5675940989088013,0.9999999999999996,0.9999999999999996,0.6472315930428731,0.849413239095131
185_SMD_id_8_Facility_tr_5000_1st_15144.csv,0.6810285651043558,0.9810110284446931,0.7709807570475651,0.9878997533630366,0.6400285901118945,0.9312820512820508,0.4705882352941172,0.7675253848498959,0.8206759553914342
187_SMD_id_10_Facility_tr_5000_1st_15849.csv,0.39468177808341365,0.7336661205674304,0.42227670764774333,0.7613069895685786,0.40762727637327506,0.904024767801857,0.39999999999999963,0.4899447686609573,0.8093857107623171
188_SMD_id_11_Facility_tr_500_1st_392.csv,0.4950851051553359,0.7861255474021575,0.4078494379682034,0.7629650512562413,0.5519891303513677,0.8881987577639747,0.6562499999999994,0.559731751905802,0.8472799671067133
189_SMD_id_12_Facility_tr_5925_1st_17580.csv,0.7407134428874554,0.981883046607332,0.706811516984165,0.9833881207386731,0.7421828323657809,0.9999999999999996,0.9999999999999993,0.5726950354609929,0.5926291288962099
190_SMD_id_13_Facility_tr_7119_1st_15849.csv,0.7033704644973474,0.8688132505691013,0.5953704730505222,0.8728598602409531,0.7194552925581451,0.9986991265564016,0.9433962264150939,0.5822034097873953,0.8519961209968455
191_SMD_id_14_Facility_tr_4596_1st_4696.csv,0.8237946318108759,0.9976512989828976,0.67985601438682,0.9948229319948935,0.7788112402175233,0.9225092250922503,0.7999999999999994,0.585480093676815,0.687266175206595
192_SMD_id_15_Facility_tr_5925_1st_17580.csv,0.9981119691754693,0.9999873359678038,0.9397501023638435,0.9997555839024883,0.9876493212034845,0.9999999999999996,0.9999999999999993,0.9882674089981995,0.7121411688978754
194_SMD_id_17_Facility_tr_5925_1st_17580.csv,0.9329665887253487,0.9995557035371169,0.933793434818993,0.9997046540114549,0.8846104512109452,0.9999999999999996,0.9999999999999993,0.8846153846153846,0.6921774265903444
195_SMD_id_18_Facility_tr_5925_1st_17580.csv,0.9897248221662206,0.9999316669929414,0.9481155220257431,0.999789504179523,0.9609559664428261,0.9999999999999996,0.9999999999999993,0.9593464187406922,0.6300897479968758
196_SMD_id_19_Facility_tr_7174_1st_21230.csv,0.8229884447763967,0.9986072861118908,0.9152725597736595,0.9995859239852978,0.7738878289392861,0.957605985037406,0.7272727272727267,0.797385316764091,0.6936244942405174
197_SMD_id_20_Facility_tr_5000_1st_15144.csv,0.6648464698641164,0.978789522285322,0.7299167114090362,0.9848977020541949,0.6626890708163997,0.9213597158802632,0.4705882352941172,0.6876789856463387,0.8331158755583484
198_SMD_id_21_Facility_tr_5925_1st_17580.csv,0.8859606826583538,0.9992934525370541,0.8930693471736565,0.9995313239342554,0.8681269347279511,0.9999999999999996,0.9999999999999993,0.8664951165479058,0.9647358526362803
199_SMD_id_22_Facility_tr_5925_1st_17580.csv,0.8968495465119912,0.9974418654963695,0.8226682684645222,0.9972759204705597,0.8986436872534692,0.9999999999999996,0.9999999999999993,0.531021897810219,0.597914351830849
201_SMD_id_24_Facility_tr_7174_1st_21230.csv,0.8576894680632452,0.9990725913071341,0.9446619280300185,0.9996892236455865,0.8301026370041776,0.912114014251781,0.6153846153846148,0.7136082601420538,0.6739998976370232
202_SMD_id_25_Facility_tr_6250_1st_21230.csv,0.8851465902997483,0.999660315353746,0.8796880276317065,0.9997562582024119,0.7999952000287999,0.9999999999999996,0.9999999999999991,0.7936626839956553,0.6892027435747298
203_SMD_id_26_Facility_tr_7174_1st_21230.csv,0.8763093277779072,0.9991374549764612,0.9195087054680494,0.9994761496041652,0.8199002322802096,0.9846153846153841,0.8749999999999992,0.6856314826021771,0.6386169920300394
204_SMD_id_27_Facility_tr_5000_1st_15144.csv,0.6564201521054027,0.9815915123708896,0.7755538979934691,0.9894676425903025,0.703454430104049,0.85539331135186,0.4705882352941172,0.7192133312982227,0.8174611253101821
205_SMD_id_28_Facility_tr_5925_1st_17580.csv,0.9601203947247356,0.9997140039395693,0.9683917865456376,0.9998627101182721,0.8821868502433575,0.9999999999999996,0.9999999999999993,0.8821917808219178,0.671618170733013
206_SMD_id_29_Facility_tr_6250_1st_21230.csv,0.9016975471339801,0.9997222971675527,0.8997179913535481,0.9997968305254247,0.8354381733979775,0.9999999999999996,0.9999999999999991,0.8354430379746834,0.6851910447328904
207_SMD_id_30_Facility_tr_7174_1st_21230.csv,0.8874009962521457,0.9991303660508517,0.9319791405584468,0.9995452680675586,0.7936458457432818,0.9846153846153841,0.8749999999999992,0.6643353139492252,0.6460578944625281
208_SMD_id_31_Facility_tr_5000_1st_15144.csv,0.6474434168811252,0.9764574340245378,0.7544879365295076,0.9853929427249155,0.602713201650044,0.9399585921325047,0.4705882352941172,0.7868415562830331,0.8386954081121606
209_SMD_id_32_Facility_tr_5925_1st_17580.csv,0.6727593204027646,0.9825333974274074,0.6050102455858019,0.9841535392380977,0.734688896326984,0.9999999999999996,0.9999999999999993,0.4307992202729045,0.7068429592256222
211_SMD_id_34_Facility_tr_5925_1st_17580.csv,0.9185808547557963,0.9639531515235622,0.8522033854688265,0.9668144431668075,0.937699933592741,0.9999999999999996,0.9999999999999993,0.7077512972083104,0.7906456757636922
212_SMD_id_35_Facility_tr_5925_1st_17580.csv,0.9742311697494304,0.9997934179747996,0.9297610616794397,0.999675892301988,0.9063394146002461,0.9999999999999996,0.9999999999999993,0.9134554969315648,0.6236482816830388
213_SMD_id_36_Facility_tr_5925_1st_17580.csv,0.8893260936608347,0.9992942440390664,0.9373805401789392,0.9997076075171653,0.8429270605528695,0.9999999999999996,0.9999999999999993,0.8407310704960836,0.9968712586329354
214_SMD_id_37_Facility_tr_5925_1st_17580.csv,0.9045685044463082,0.9990322568730077,0.943787625100314,0.9996823150774579,0.8241708907734023,0.9999999999999996,0.9999999999999993,0.8286199704818448,0.664319222788132
215_SMD_id_38_Facility_tr_5925_1st_17580.csv,0.8788385567337846,0.993950813954286,0.814109332687486,0.9952971547444278,0.856182320584553,0.9999999999999996,0.9999999999999993,0.6627906976744187,0.7032768486075268
216_LTDB_id_1_Medical_tr_500_1st_266.csv,0.35049569559537797,0.7203777563496467,0.36023971209778854,0.719033971169043,0.35801434576137553,0.4535720554677896,0.14048780487804827,0.4383739011545648,0.7487611069998829
218_LTDB_id_3_Medical_tr_500_1st_266.csv,0.18724648569292454,0.5852589585375719,0.24751574942205734,0.5875656785788259,0.29430632754212,0.4068287889953324,0.03678929765886252,0.3413694831558389,0.7056256446878117
219_LTDB_id_4_Medical_tr_3618_1st_3718.csv,0.8335345973736659,0.9795103767631045,0.9119926622368458,0.9894224922094965,0.8383386525007163,0.9426485252018393,0.37407101568951245,0.8313028936028493,0.833225238951434
220_LTDB_id_5_Medical_tr_500_1st_26.csv,0.6284613880399353,0.777525578509676,0.66201716394077,0.809659314286111,0.6659710628244249,0.9327459256292548,0.3199563199563196,0.6808127300987317,0.8570842545785726
221_LTDB_id_6_Medical_tr_500_1st_26.csv,0.4577257062439545,0.6873995816333699,0.5474979258243968,0.7466719480290903,0.561211389074276,0.7546115751548432,0.08314205559806156,0.5651034942344317,0.7854578016204704
222_LTDB_id_7_Medical_tr_3618_1st_3718.csv,0.8656433882843043,0.9831424821553157,0.9148714437882522,0.9903381321307412,0.8740288706111072,0.9560492868924028,0.4135746606334838,0.9012677217079599,0.8536975913581739
223_LTDB_id_8_Medical_tr_4456_1st_4556.csv,0.620747379893129,0.921583142564007,0.7378195920949903,0.9538565787983907,0.6472043602324102,0.9058628760632523,0.23442989460236321,0.6693667332603943,0.731979678000227
224_LTDB_id_9_Medical_tr_4456_1st_4556.csv,0.6506341423529727,0.9352560666783449,0.7128642033448999,0.9500935915671944,0.679036409824843,0.8120052585941646,0.1782242384964353,0.7309113396979642,0.8255121547317964
225_MGAB_id_1_Synthetic_tr_25000_1st_38478.csv,0.5166518936557508,0.9974869739478959,0.5957744562653385,0.997963660579575,0.5297963929916325,0.5417607223476292,0.33333333333333276,0.6111185399423177,0.6666667487940444
226_MGAB_id_2_Synthetic_tr_20000_1st_45134.csv,0.5405911885866332,0.9759985331472935,0.5238079970128292,0.9773743423791256,0.6294771384967813,0.6451612903225801,0.36363636363636315,0.6484824174354861,0.6666679022592452
227_MGAB_id_3_Synthetic_tr_25000_1st_44340.csv,0.6585887067333577,0.9950083166332665,0.6185540163332611,0.9962798472837879,0.624199196756244,0.6535947712418295,0.555555555555555,0.6291440320861045,0.6666963392016881
228_MGAB_id_4_Synthetic_tr_25000_1st_38948.csv,0.4783819575679694,0.974441633266533,0.5014852306769909,0.9906057607765626,0.5376294369750989,0.5540166204986144,0.3076923076923072,0.559891392625847,0.6666773560389071
229_MGAB_id_5_Synthetic_tr_25000_1st_33098.csv,0.568487990210237,0.9985407314629259,0.6629157631041344,0.9989379387617757,0.5698482915604294,0.5970149253731338,0.32432432432432384,0.6392503258468801,0.6666802953216038
231_MGAB_id_7_Synthetic_tr_25000_1st_35544.csv,0.5855404399472873,0.9805170841683367,0.6350980002844172,0.9950555485229544,0.594280997769859,0.609523809523809,0.3999999999999996,0.6660404220711942,0.6666724419447999
232_MGAB_id_8_Synthetic_tr_25000_1st_32708.csv,0.48438811666294457,0.9789570641282566,0.5945596798483682,0.9912501243418272,0.556598789649469,0.568720379146919,0.23529411764705832,0.6217074127885742,0.6667146620030872
233_MGAB_id_9_Synthetic_tr_25000_1st_41300.csv,0.3290291840960331,0.9962256513026052,0.6001870786720491,0.9977160802658637,0.3905277671378674,0.4016064257028108,0.18181818181818163,0.49573783582712155,0.6666680215354374
234_SED_id_1_Medical_tr_3740_1st_3840.csv,0.485233004586347,0.9614000100670553,0.666154200202949,0.9748698851908254,0.5491251652506229,0.6262230919765162,0.2181818181818179,0.6811689147351054,0.682634268512858
236_SED_id_3_Medical_tr_3740_1st_3840.csv,0.49313590351142944,0.9736706562929894,0.7025210319762691,0.9831842356737279,0.5777644265732264,0.6143572621035054,0.22222222222222174,0.6760234667561187,0.6755923365910608
237_SVDB_id_1_Medical_tr_11587_1st_11687.csv,0.7237820391638523,0.9755414241670308,0.7421755061209987,0.984974610497549,0.8605842855673871,0.9587854605615294,0.2295081967213112,0.6747991932968275,0.7843763373489836
238_SVDB_id_2_Medical_tr_25000_1st_71963.csv,0.9285012306837902,0.9992915719732849,0.86569845937323,0.9991399734965086,0.8429188079114903,0.9999999999999996,0.9999999999999993,0.6337914308811642,0.6667390525669713
239_SVDB_id_3_Medical_tr_50000_1st_106634.csv,0.8063040244559612,0.9931344471846714,0.7547635404163556,0.9918298002470392,0.7462916278465684,0.9222039719277283,0.7441860465116273,0.7539220724182503,0.6810188348018542
240_SVDB_id_4_Medical_tr_18462_1st_18562.csv,0.6761015359235956,0.9628066842969238,0.6909382764419517,0.9731277286518466,0.6521114422417018,0.7926012837324863,0.37647058823529383,0.6820147283401998,0.7060319423503261
241_SVDB_id_5_Medical_tr_11587_1st_11687.csv,0.7929079190422765,0.9790329585163737,0.8140076140514652,0.9883874812083486,0.88084439546032,0.9925948314946345,0.8749999999999996,0.7127511842433552,0.7156197547243764
243_SVDB_id_7_Medical_tr_11393_1st_11493.csv,0.6906182562926872,0.9821725847847604,0.7591483142246369,0.9908699778455777,0.6568568291797002,0.9634389926183233,0.4201388888888885,0.7184696034306365,0.6682191276437452
244_SVDB_id_8_Medical_tr_17803_1st_17903.csv,0.892455966358788,0.9968340742283622,0.9442717312745165,0.998680724164508,0.859072552339359,0.9117882919005608,0.5627118644067792,0.8604106676423534,0.686752536710416
245_SVDB_id_9_Medical_tr_12607_1st_12707.csv,0.7820999083723029,0.9795102494099153,0.8614100642954603,0.9874490011163911,0.7650893814799172,0.8870767704328408,0.3189087488240824,0.7789882876750568,0.8026746483195458
246_SVDB_id_10_Medical_tr_20100_1st_68460.csv,0.16210742064249473,0.9771117031017881,0.218625835367697,0.9789508000331172,0.3207975481693429,0.43029490616621935,0.04336043360433593,0.3949080797612301,0.6650534067989672
247_SVDB_id_11_Medical_tr_20100_1st_23611.csv,0.7847079162371139,0.9946074431003006,0.7107539584748734,0.9954014674302275,0.7325680725543646,0.7759067357512949,0.7692307692307687,0.7187438816653634,0.7511245923576694
248_SVDB_id_12_Medical_tr_18462_1st_18562.csv,0.7555515503118371,0.9791249358204641,0.8012016512753796,0.9850389429684743,0.7357442146305984,0.8843168286984696,0.5333333333333328,0.7924946050168218,0.7312310512337533
249_SVDB_id_13_Medical_tr_50000_1st_54982.csv,0.6268448520891069,0.9657196042107274,0.6747599893479548,0.9792912228900937,0.6038615783200615,0.7226417355867188,0.2816901408450701,0.6556832260573865,0.6772837344036993
250_SVDB_id_14_Medical_tr_50000_1st_107354.csv,0.6007249378086482,0.9900202355342742,0.5402801429562233,0.9737158571122504,0.8021981578257621,0.9239652069586076,0.06349206349206314,0.544804415449592,0.6936045089037958
251_SVDB_id_15_Medical_tr_5421_1st_5521.csv,0.8091751929768402,0.9918111644066199,0.8496346869413983,0.9943878236977072,0.8107576510752529,0.9543271123710523,0.5676442762535473,0.8510144223548248,0.7485401506625582
253_SVDB_id_17_Medical_tr_17803_1st_17903.csv,0.8779601303291685,0.996363336253685,0.9106128011848607,0.9980230017509998,0.8234956182385227,0.9349955476402487,0.5551839464882938,0.8095434534329735,0.686752536710416
254_SVDB_id_18_Medical_tr_30824_1st_30924.csv,0.5074125165600882,0.9665349951498429,0.5585188292407001,0.9790607402795224,0.6043018771423971,0.7648893654352271,0.1985294117647054,0.6124187495853546,0.6939866754398759
255_SVDB_id_19_Medical_tr_50000_1st_54982.csv,0.4724752983569219,0.9564401938695977,0.5056502495322639,0.9716367645534126,0.522968231205147,0.6691605433088395,0.18972332015810256,0.5648138922385658,0.6772922889107835
256_SVDB_id_20_Medical_tr_6264_1st_6364.csv,0.6541677901081598,0.9602772702760406,0.7699280328986186,0.9820387283891231,0.6718657942199704,0.9352797443769182,0.3126050420168063,0.7105396182479622,0.6710735945105462
257_TAO_id_1_Environment_tr_500_1st_3.csv,0.14354468796379768,0.6098599934831105,0.910144292182668,0.9376600413985171,0.20940033901646224,0.209757061031009,0.18677042801556393,0.28595841672128575,0.5590994228746305
258_TAO_id_2_Environment_tr_500_1st_4.csv,0.18056576165236088,0.5887217962944282,0.9501387557232464,0.9622506159550146,0.26569573960063625,0.26595744680851024,0.23966490621016176,0.40018351963401066,0.575015537300558
260_IOPS_id_1_WebService_tr_5000_1st_11804.csv,0.9999999999999998,1.0,0.2651121474222908,0.9985107045743055,0.9999950000249999,0.9999999999999993,0.9999999999999991,1.0,0.6642783639251296
261_IOPS_id_2_WebService_tr_2178_1st_2278.csv,0.5062242292892218,0.9774246221614643,0.6295617630412016,0.9841941462633149,0.6666622222518517,0.6666666666666661,0.6666666666666657,0.4615384615384615,0.666662431322445
262_IOPS_id_3_WebService_tr_7028_1st_7128.csv,0.5303667562590211,0.941823555946668,0.37103577720589415,0.9407290453910343,0.5519027583088333,0.7714349675397352,0.1886792452830184,0.27951313000942973,0.8946555524888412
263_IOPS_id_4_WebService_tr_3482_1st_3582.csv,0.19977565506408637,0.9743720658624151,0.46302155506495374,0.9502138472362094,0.3373650988850831,0.3880281690140841,0.08124459809853052,0.3875564568020321,0.7533392014185986
264_IOPS_id_5_WebService_tr_11665_1st_11765.csv,0.16406886503477655,0.5930066667606918,0.17361326665298077,0.60089334027092,0.27328772180813043,0.996681415929203,0.7272727272727267,0.798405819141363,0.659806073494887
266_IOPS_id_7_WebService_tr_4010_1st_4110.csv,0.6992667015193625,0.9852237936979495,0.7578278711913338,0.9913825801660812,0.7112801616170908,0.9729729729729725,0.7150259067357507,0.783133938058337,0.6818369017906828
267_IOPS_id_8_WebService_tr_1534_1st_1882.csv,0.017673000410070677,0.7776902683679323,0.18789724719056497,0.8628719385033568,0.05263106648698421,0.05467625899280568,0.01038961038961038,0.2388235685355512,0.6734992013447644
268_IOPS_id_9_WebService_tr_6216_1st_6316.csv,0.4283918759357709,0.9384118467216929,0.5537731985371303,0.9551969249555444,0.5135633329357828,0.942210206150726,0.3673469387755097,0.6390491974529205,0.6666185930880143
269_IOPS_id_10_WebService_tr_1216_1st_1728.csv,0.7919918511228135,0.9952845576677838,0.8044233259297261,0.9970300466099224,0.7341725044365712,0.9999999999999996,0.9999999999999993,0.8917525773195877,0.6723505677977651
271_IOPS_id_12_WebService_tr_500_1st_341.csv,0.2188824884878695,0.6576060579539488,0.22632494379177923,0.6679100735965104,0.33765862038162175,0.36619718309859123,0.333333333333333,0.1866898663988155,0.7245997043800596
272_IOPS_id_13_WebService_tr_3442_1st_3542.csv,0.17473123235463214,0.9579897726809915,0.49590576162785127,0.9620267427620375,0.3153576729203666,0.3446191051995158,0.07692307692307647,0.3275339260047922,0.719301889710061
273_IOPS_id_14_WebService_tr_5569_1st_5669.csv,0.06474389670835046,0.8142506680596299,0.4036667596080717,0.9617142334701966,0.17400319292044983,0.19097793875535032,0.06097560975609706,0.30179997517998414,0.6921784157708044
274_IOPS_id_15_WebService_tr_4591_1st_4691.csv,0.5096999778925475,0.9294557832786079,0.5832600237500847,0.9031999261898572,0.5236486748841039,0.7480877103518606,0.1762632197414803,0.43411313988599515,0.7216779856524265
275_IOPS_id_16_WebService_tr_1482_1st_1582.csv,0.010674366221010692,0.6533591541213308,0.10294931170017722,0.7499728147575145,0.032881674175660194,0.04805491990846677,0.005692599620493342,0.14581367924029467,0.6706680291889656
276_IOPS_id_17_WebService_tr_19197_1st_19297.csv,0.8603295506687658,0.9979307258324348,0.7862567092772308,0.9779376547426192,0.933302707599243,0.949079514296905,0.2696629213483142,0.5701063779770671,0.6969422650835034
277_NEK_id_1_WebService_tr_500_1st_17.csv,0.8929602888247261,0.988290263036456,0.9893733331944633,0.998933259437716,0.8139484911069382,0.9887640449438196,0.8333333333333327,0.8479320797195304,0.8539602823555672
278_NEK_id_2_WebService_tr_500_1st_64.csv,0.8061104011493088,0.9838064713064713,0.8914591895773313,0.9905169514583543,0.7222176080541708,0.7659574468085102,0.5333333333333327,0.6486519356632628,0.8547875417487918
279_NEK_id_3_WebService_tr_500_1st_974.csv,0.7996961996342128,0.9900852711443343,0.9087649391851328,0.9959551500130359,0.9333283555821035,0.9945355191256825,0.8888888888888881,0.9333333333333333,0.8100010788027814
281_NEK_id_5_WebService_tr_500_1st_974.csv,0.8214880783184878,0.9895477618827873,0.9006371432797109,0.9946314887083949,0.9263108166471948,0.9999999999999996,0.9999999999999993,0.9263157894736842,0.7750434720160887
282_NEK_id_6_WebService_tr_500_1st_64.csv,0.4231580339610633,0.9063177746346063,0.48848387034429047,0.9055478103059498,0.46666167921997004,0.5090909090909086,0.2666666666666664,0.538428301264796,0.8929774901957416
283_NEK_id_7_WebService_tr_500_1st_777.csv,0.8170386745838232,0.9912819167541098,0.9392603964393047,0.9961581988729307,0.9486116140179974,0.9677419354838704,0.6363636363636358,0.9613999961496256,0.8701726769781228
284_NEK_id_8_WebService_tr_500_1st_976.csv,0.7926373351391388,0.9878619713163423,0.9005886091286365,0.9948851063590916,0.9128155508488005,0.9999999999999996,0.9999999999999993,0.9128205128205129,0.9572323091910641
285_NEK_id_9_WebService_tr_500_1st_780.csv,0.7578009622383912,0.9871521780848206,0.916557018608371,0.9942274495951408,0.9145249441427271,0.939130434782608,0.4705882352941171,0.9443481152466687,0.8579139570413526
286_CATSv2_id_1_Sensor_tr_17792_1st_17892.csv,0.53326056081655,0.7409635447860203,0.36394760258321707,0.73903775207652,0.6100839945212221,0.6776584480411431,0.21153846153846104,0.42125351433055364,0.7124530066779766
287_TODS_id_1_Synthetic_tr_500_1st_11.csv,0.09110284770403508,0.610395196296485,0.8577378479488664,0.9128860093961652,0.14143041543537788,0.14240837696335037,0.13262032085561457,0.19211637580436994,0.6692157280830825
288_TODS_id_2_Synthetic_tr_500_1st_65.csv,0.6955893284259951,0.8575109344340115,0.7363185012120165,0.8445291584059417,0.7207159584114698,0.7434944237918211,0.09859154929577416,0.12087345501616069,0.6723596040092111
289_TODS_id_3_Synthetic_tr_500_1st_26.csv,0.203747311201234,0.7115197207678884,0.7361012852870255,0.8493471705530973,0.2910748281617812,0.32338308457711396,0.12213740458015217,0.18149494238791644,0.6722248990008172
290_TODS_id_4_Synthetic_tr_500_1st_26.csv,0.5236997947221774,0.8690094999436501,0.715678286636562,0.8268897921267353,0.5357719301324162,0.6967471143756553,0.10658307210031305,0.28373822582425207,0.6570808162394768
292_TODS_id_6_Synthetic_tr_500_1st_11.csv,0.07637211196763118,0.5905614049555372,0.8495903596865911,0.9124483452580304,0.1259687710197697,0.12609736632082966,0.11699604743082972,0.1910733548267888,0.6714293840151507
293_TODS_id_7_Synthetic_tr_500_1st_7.csv,0.2503220009114873,0.8290938163538727,0.6364981132274055,0.90257261320333,0.3631077746851939,0.39301310043668075,0.13866666666666644,0.4364037878594507,0.7689764551018897
294_TODS_id_8_Synthetic_tr_500_1st_200.csv,0.7066244153049497,0.9468561945936504,0.7439372862419025,0.9252172307978765,0.6628429271680969,0.7497820401046202,0.38095238095238054,0.5188767253309838,0.8337626520715482
295_TODS_id_9_Synthetic_tr_1250_1st_2046.csv,0.5696527067082119,0.9207408643417319,0.6554674073571006,0.9257779787949764,0.5652594191934845,0.7838479809976242,0.29090909090909045,0.5456997847165838,0.7273070731286946
296_TODS_id_10_Synthetic_tr_500_1st_26.csv,0.11673909139978318,0.6335487906588825,0.7678128293768577,0.8661454385111493,0.17457893262312227,0.17724867724867685,0.09770114942528701,0.1751258661146458,0.66993785442853
297_TODS_id_11_Synthetic_tr_500_1st_7.csv,0.1901224893286479,0.8059000049496685,0.5644797307180957,0.8709381218011636,0.2908498787645959,0.3201219512195117,0.10869565217391282,0.29900671618643554,0.7990633408927685
298_TODS_id_12_Synthetic_tr_500_1st_0.csv,0.647144631241225,0.8784441698613353,0.6996484240642215,0.8282154909060693,0.666661786951748,0.7633587786259536,0.14285714285714246,0.5006142230142454,0.6690435726904364
299_TODS_id_13_Synthetic_tr_500_1st_65.csv,0.14669663419715953,0.7762968231538842,0.6851349419874745,0.8410604031289178,0.2613725977051078,0.5312499999999996,0.09448818897637769,0.17816591471064266,0.6056957485785875
301_TODS_id_15_Synthetic_tr_500_1st_245.csv,0.44552454644216505,0.8575822307242679,0.5926349326320144,0.877131957574464,0.41092109680881106,0.6716417910447756,0.33333333333333304,0.5146600269171511,0.7592269836502001
302_Power_id_1_Facility_tr_7685_1st_7785.csv,0.06457448018732567,0.39533962754889723,0.06717481598044936,0.40427211766073257,0.16291038091758134,0.37338975667434154,0.009353078721745872,0.19052810814900215,0.6860376379648694
304_UCR_id_2_Medical_tr_2499_1st_7000.csv,0.1141117824802464,0.9804644149577804,0.12899350784335484,0.9808237832271915,0.23931287900108855,0.5154639175257727,0.059999999999999935,0.3385826771653543,0.667128082793981
309_UCR_id_7_Medical_tr_3000_1st_5948.csv,1.0,1.0,0.9976534530921924,0.9999951906639971,0.9999950000249999,0.9999999999999996,0.9999999999999991,0.9910313901345292,0.6666684722017219
326_UCR_id_24_Medical_tr_1875_1st_4187.csv,0.8405588624338626,0.9997329416477501,0.9393967170268492,0.9998744860252021,0.7999952000287999,0.9999999999999993,0.9999999999999991,0.8,0.6666633597215208
346_UCR_id_44_Medical_tr_7456_1st_17390.csv,0.49550174434460836,0.650736954990053,0.3247856654426268,0.6858296707206966,0.5937456272023435,0.9999999999999996,0.9999999999999993,0.6888566316713364,0.6647976690361169
361_UCR_id_59_Medical_tr_3000_1st_7175.csv,0.8933035819679662,0.9980996809168691,0.9675931125049355,0.9995250122301849,0.8537025218653055,0.9999999999999996,0.9999999999999993,0.8502994011976047,0.6668022348587276
371_UCR_id_69_Medical_tr_1853_1st_6200.csv,0.8616620374139757,0.9964502902610319,0.9525564127622738,0.9989757129711315,0.7727225310208323,0.9999999999999996,0.9999999999999993,0.7742687513599206,0.6686721752742237
382_UCR_id_80_Medical_tr_7500_1st_11800.csv,0.9267693910566205,0.9982662177328844,0.908737402820677,0.9983247828952012,0.8888839506447186,0.9999999999999996,0.9999999999999993,0.9082969432314411,0.6953548658845247
391_UCR_id_89_Medical_tr_1875_1st_5759.csv,0.9053918896372639,0.9976115463215259,0.9691585813251631,0.999372746553596,0.8121779175220126,0.9999999999999996,0.9999999999999993,0.8130563798219584,0.6668644625021607
396_UCR_id_94_Medical_tr_1875_1st_5607.csv,0.7183679883208904,0.999068375305999,0.948841280750065,0.9998507995931354,0.7714238326821706,0.9999999999999996,0.9999999999999991,0.7558810474922326,0.6666679806720943
415_UCR_id_113_Medical_tr_3000_1st_8612.csv,0.997905970550737,0.9999814093942372,0.9970439520339408,0.9999819695183572,0.976520824377002,0.9999999999999996,0.9999999999999993,0.9707785840360854,0.6666956040208502
436_UCR_id_134_Medical_tr_1875_1st_4526.csv,0.632499702647038,0.9987194931512962,0.9397936960182748,0.9998023304820775,0.769226035532089,0.9999999999999996,0.9999999999999991,0.7499999999999999,0.6666693314054432
437_UCR_id_135_Medical_tr_2499_1st_8000.csv,0.43848577585745147,0.998536047327785,0.4617632846453106,0.9983851910615487,0.6575297429469661,0.8474576271186436,0.39999999999999963,0.659400544959128,0.6672742859249768
307_UCR_id_5_Facility_tr_29895_1st_39240.csv,0.0006679774007706232,0.43237501115909527,0.0008639909016419728,0.5050432627674689,0.0023758610392021428,0.005031842125953292,0.00021067600663629397,0.0012617651070795253,0.666662508696893
331_UCR_id_29_Facility_tr_50000_1st_837400.csv,0.002566854382245944,0.5810290201753641,0.0026461841537659585,0.5876742235241449,0.01108842265271272,0.3214826021180027,0.001669449081803003,0.06207906295754026,0.6688505193406967
332_UCR_id_30_Facility_tr_13750_1st_52600.csv,0.6861041715944042,0.9985877737226277,0.6559127443826293,0.9986928587297647,0.7710793439138872,0.9999999999999996,0.9999999999999993,0.48230088495575224,0.6666680991576898
349_UCR_id_47_Facility_tr_29954_1st_74900.csv,0.0004947593132619771,0.19341747895837336,0.0005707875701357242,0.20619960042701602,0.0019004818744050456,0.0020690992952130498,8.638375985314753e-05,0.03404148720994978,0.6664231585229631
358_UCR_id_56_Facility_tr_10500_1st_29080.csv,0.012351085239521073,0.9449320457796851,0.014858311383547207,0.944895693005452,0.03607015642485464,0.058765915768854,0.003112033195020743,0.2329317269076305,0.8281747622978547
406_UCR_id_104_Facility_tr_20000_1st_67950.csv,0.9478583991181976,0.9995131285266459,0.6785528224864626,0.9989958490823072,0.9451426943950718,0.9999999999999996,0.9999999999999993,0.9530988274706869,0.5993139913343553
419_UCR_id_117_Facility_tr_3000_1st_6168.csv,0.953349047692133,0.9998023054229144,0.9798309701407574,0.9999496057829025,0.8571379592116616,0.9999999999999996,0.9999999999999991,0.865979381443299,0.666668197513798
420_UCR_id_118_Facility_tr_13750_1st_52600.csv,0.8896815899137457,0.9995527372262774,0.8803188871564853,0.9996578976565956,0.809711780257826,0.9999999999999996,0.9999999999999993,0.8080808080808081,0.651431379104149
432_UCR_id_130_Facility_tr_23000_1st_26970.csv,0.10985161883917514,0.9872876772082879,0.1889704706126474,0.9872621555558295,0.32930570140901455,0.3434459072696047,0.008643042350907511,0.6636771300448431,0.6529382367436175
452_UCR_id_150_Facility_tr_10000_1st_35774.csv,0.9406836031404622,0.9998318295739349,0.821456167908133,0.999639673163936,0.8368152168487388,0.9999999999999996,0.9999999999999993,0.847926267281106,0.6664725657053013
471_UCR_id_169_Facility_tr_10000_1st_35774.csv,0.9852544726893597,0.9999568922305765,0.7161276691127173,0.9994271724909852,0.9282246743703692,0.9999999999999996,0.9999999999999993,0.940677966101695,0.6667140686735376
494_UCR_id_192_Facility_tr_22500_1st_72150.csv,0.20398691216316212,0.9876925961758399,0.22725184747805247,0.990827041629431,0.4150570792905405,0.7403433476394845,0.03968253968253964,0.359508547008547,0.6868604615529498
500_UCR_id_198_Facility_tr_7482_1st_23357.csv,0.028417521383279847,0.7976043533642194,0.031736432779486144,0.7984147534723725,0.09926832447737402,0.11686414543093641,0.001834525775087138,0.16923076923076924,0.6667265143560922
517_UCR_id_215_Facility_tr_7482_1st_24005.csv,0.29543613865867097,0.9971691021876895,0.3274242354100254,0.9972940484168491,0.4884748285564645,0.8135593220338978,0.15384615384615366,0.4757548032936871,0.6666647940550704
525_UCR_id_223_Facility_tr_50000_1st_250720.csv,0.3754915885971687,0.8263934303979099,0.10484795453716424,0.8312488542440529,0.46135726214291667,0.9999999999999996,0.9999999999999993,0.6087328767123287,0.6684442764846593
310_UCR_id_8_HumanActivity_tr_2631_1st_8285.csv,0.2815035770658187,0.9452830188679244,0.20256832531025917,0.9612804593342468,0.355551111166666,0.9999999999999996,0.9999999999999991,0.498159509202454,0.6665719977470821
311_UCR_id_9_HumanActivity_tr_16000_1st_38400.csv,0.6190521790210582,0.9866712223101265,0.5982449128494178,0.9890169177119794,0.5787948283720383,0.9999999999999996,0.9999999999999993,0.44115354637568205,0.6761711551490709
315_UCR_id_13_HumanActivity_tr_16000_1st_33070.csv,0.18128444959173448,0.9958703168798644,0.22326374435109198,0.9966934932712135,0.36144188710833336,0.6528189910979224,0.06399999999999993,0.3738019169329073,0.6629816902030771
334_UCR_id_32_HumanActivity_tr_1671_1st_2764.csv,0.0177681272208951,0.042943213096630115,0.020941993823199213,0.0850400864578504,0.06681063403864364,0.08718626155878459,0.001651186790505674,0.29086815721258,0.655569731462612
341_UCR_id_39_HumanActivity_tr_48812_1st_128430.csv,9.289967763811859e-06,0.4486937193020195,2.421659455767868e-05,0.5465954442408636,1.857957712817985e-05,1.8579762922225093e-05,1.8579762922225093e-05,3.2756276921565095e-05,0.667322141390555
355_UCR_id_53_HumanActivity_tr_48750_1st_143411.csv,0.9961983087484093,0.9999979989738328,0.2034909539522126,0.9983977786397233,0.9615334689608341,0.9999999999999996,0.9999999999999993,0.9618873151333721,0.6619944742802415
381_UCR_id_79_HumanActivity_tr_16000_1st_31200.csv,0.4413801572649857,0.9808563657337138,0.4694240131071474,0.9896368108827642,0.5212152543222012,0.963676797627872,0.16949152542372864,0.38546044411842756,0.6763718077614745
401_UCR_id_99_HumanActivity_tr_1671_1st_5920.csv,0.8929354179591524,0.9991941157659098,0.9773779834769876,0.9998640844043708,0.8550675688160915,0.9999999999999996,0.9999999999999991,0.8542146417997317,0.735265720761554
421_UCR_id_119_HumanActivity_tr_48750_1st_130700.csv,0.05269992254540866,0.8639397947422822,0.05560345304980597,0.8666441870522558,0.14197294450974915,0.7702349869451691,0.016759776536312825,0.1895291020766306,0.6643048532545626
430_UCR_id_128_HumanActivity_tr_12500_1st_46500.csv,0.19515133671939497,0.8343653923541248,0.22489370675120862,0.8728816706494784,0.4316720420310629,0.8720930232558135,0.1020408163265305,0.49255751014884985,0.6744730594435859
439_UCR_id_137_HumanActivity_tr_48750_1st_110800.csv,0.3333333333333333,0.9999897435371463,0.6595932761403602,0.9993385311011105,0.49999625002812476,0.49999999999999933,0.49999999999999933,0.5,0.6668707073577981
459_UCR_id_157_HumanActivity_tr_50000_1st_110260.csv,0.5823252100834427,0.9992712224448475,0.20705187880140016,0.9983767849780264,0.6239951792727984,0.9999999999999996,0.9999999999999993,0.6169354838709677,0.6615749800613447
473_UCR_id_171_HumanActivity_tr_2617_1st_7290.csv,0.3358197358197358,0.9993946345504365,0.34974601571169167,0.9986704443365899,0.5714244898250728,0.7499999999999993,0.49999999999999944,0.5714285714285715,0.6647822746748517
516_UCR_id_214_HumanActivity_tr_2108_1st_4702.csv,0.9666666666666667,0.9999762667615997,0.5097314666759767,0.9990105442260577,0.9090859504402703,0.9999999999999993,0.9999999999999983,0.9090909090909091,0.6614986376378895
530_UCR_id_228_HumanActivity_tr_16250_1st_38500.csv,0.19448018429141092,0.9801593508500772,0.2173770418785811,0.9843855628971954,0.4036410726472951,0.8391608391608386,0.0799999999999999,0.42924976258309594,0.6685476815111125
319_UCR_id_17_Environment_tr_6166_1st_19280.csv,0.2572233839564029,0.9254934814542782,0.17362328654647122,0.932664105591668,0.3194395062491788,0.9999999999999996,0.9999999999999993,0.3992994746059545,0.6500602590591853
385_UCR_id_83_Environment_tr_2046_1st_6006.csv,0.23341823599041892,0.885076102097673,0.31051909299803043,0.9204344515284556,0.41557972007329275,0.9999999999999996,0.9999999999999991,0.5056433408577878,0.6803107393292587
387_UCR_id_85_Environment_tr_2046_1st_5549.csv,0.838477602451228,0.996025893149787,0.843705791166205,0.9977746438727239,0.8292634384579212,0.9999999999999996,0.9999999999999991,0.8679245283018869,0.6668342906555317
393_UCR_id_91_Environment_tr_2046_1st_4852.csv,0.37453617707784526,0.977681497869551,0.46473306932953873,0.9835511000415277,0.47327779970757444,0.989690721649484,0.8571428571428564,0.5454545454545454,0.6850202962401586
400_UCR_id_98_Environment_tr_2046_1st_5391.csv,0.04,0.9970670903091776,0.18086485557771861,0.9982867287567353,0.07692233728521841,0.07692307692307684,0.07692307692307684,0.2857142857142857,0.6929906444290203
411_UCR_id_109_Environment_tr_2046_1st_4852.csv,0.28282259650541003,0.9550787651589643,0.35986851250607926,0.9636619454174172,0.441553746044198,0.989690721649484,0.8571428571428564,0.522144522144522,0.6883642528072935
445_UCR_id_143_Environment_tr_6166_1st_19280.csv,0.2277992908501368,0.9045833843391684,0.17676036007183277,0.9106339463086731,0.3266886050081732,0.9999999999999996,0.9999999999999993,0.3943661971830986,0.6480470254314976
463_UCR_id_161_Environment_tr_2046_1st_6006.csv,0.2640090474728835,0.9148511758439856,0.3132921082666446,0.9401562902255342,0.4054008473850672,0.9999999999999996,0.9999999999999991,0.5056179775280899,0.6910427899143553
467_UCR_id_165_Environment_tr_6166_1st_19280.csv,0.2867607230552057,0.892934161668095,0.1885825811458263,0.9014944798502001,0.3410805601275698,0.9999999999999996,0.9999999999999993,0.39679358717434865,0.6691594038468313
474_UCR_id_172_Environment_tr_2046_1st_6520.csv,0.12165893453535434,0.9790900735294118,0.2064561891963999,0.986809746253087,0.2758572176834132,0.7868852459016389,0.31578947368421023,0.34285714285714286,0.690815710676209
495_UCR_id_193_Environment_tr_2046_1st_6520.csv,0.21197609507068416,0.9896292892156863,0.33125225299685973,0.9944306891424616,0.41974891636515915,0.8275862068965512,0.37499999999999956,0.43492769744160176,0.6778873478808097
496_UCR_id_194_Environment_tr_2046_1st_5391.csv,0.041666666666666664,0.9971892948796285,0.12547354205522232,0.9981751904289298,0.07999923200737272,0.07999999999999989,0.07999999999999989,0.2857142857142857,0.6901004592194623
499_UCR_id_197_Environment_tr_2046_1st_5703.csv,0.31975409330463683,0.9971660539215687,0.37588746913124055,0.9974452562402767,0.589739329419337,0.7499999999999994,0.27272727272727243,0.6590909090909092,0.6668242282158723
504_UCR_id_202_Environment_tr_2046_1st_5549.csv,0.7783446037015058,0.9947046050475253,0.7870994983252548,0.9961069349123686,0.8148099863111922,0.9999999999999996,0.9999999999999991,0.8461538461538461,0.6959048748145376
506_UCR_id_204_Environment_tr_2046_1st_5549.csv,0.8574910464328162,0.997362545067191,0.8543615412751293,0.998447363880161,0.8148099863111922,0.9999999999999996,0.9999999999999991,0.8571428571428571,0.6912123463610818
313_UCR_id_11_Sensor_tr_2827_1st_4711.csv,0.9143038788627854,0.9995512388719984,0.9809845928862,0.9998973248178751,0.9423027089760583,0.9999999999999996,0.9999999999999993,0.9381119159436441,0.6674027061797876
316_UCR_id_14_Sensor_tr_2833_1st_5988.csv,0.9446418913879554,0.9995073344776874,0.9704223859726472,0.9998233518829637,0.8612390449223901,0.9999999999999996,0.9999999999999993,0.8632504643670441,0.668056191170384
339_UCR_id_37_Sensor_tr_2750_1st_5400.csv,0.7254486025543538,0.8855800925925926,0.7715227640821469,0.9227086593659102,0.7484981892810844,0.9999999999999996,0.9999999999999993,0.8038277511961722,0.6676212509672135
344_UCR_id_42_Sensor_tr_2851_1st_5365.csv,0.003351205999395887,0.7926316097503878,0.007090381621922483,0.7970122898641202,0.01229495977345307,0.012908777969018919,0.0017406440382941668,0.039999999999999994,0.6679307126422321
364_UCR_id_62_Sensor_tr_2833_1st_5988.csv,0.7564628957492375,0.9915531257654894,0.8517589835063241,0.9970985922143847,0.7608645800184853,0.9999999999999996,0.9999999999999993,0.7898419518183214,0.6666947746120991
369_UCR_id_67_Sensor_tr_2750_1st_5400.csv,0.7371086833760877,0.9389319444444444,0.7877727744630084,0.9564398092456795,0.7360356103305301,0.9999999999999996,0.9999999999999993,0.7731441643755116,0.6672016949954519
373_UCR_id_71_Sensor_tr_2827_1st_5988.csv,0.1244181878206925,0.9724230712288281,0.13552020903754752,0.9726853944927843,0.28192101507223455,0.4987146529562978,0.03940886699507385,0.3267924528301887,0.6668895403136521
405_UCR_id_103_Sensor_tr_2827_1st_5988.csv,0.4012800184562235,0.9945175347849636,0.4724758564339423,0.9944349325283736,0.6642553767466339,0.8083333333333328,0.148148148148148,0.6486154040244749,0.6676394391697741
417_UCR_id_115_Sensor_tr_2750_1st_5400.csv,0.6946296218568253,0.8817972222222223,0.7408676387489515,0.9154214660194204,0.7301540942597189,0.9999999999999996,0.9999999999999993,0.7951807228915662,0.6661319767455673
426_UCR_id_124_Sensor_tr_2827_1st_4711.csv,0.8248637190930259,0.9989568351872417,0.9516330614779691,0.9997306582515385,0.8749950781526854,0.9999999999999996,0.9999999999999993,0.8750000000000001,0.666990617243709
449_UCR_id_147_Sensor_tr_2847_1st_9330.csv,0.9999999999999999,1.0,0.7844859154677252,0.9995640504692186,0.9999950000249999,0.9999999999999993,0.9999999999999991,1.0,0.6667469131900129
493_UCR_id_191_Sensor_tr_2847_1st_9330.csv,0.9833333333333333,0.999982422218316,0.7844859154677252,0.9995640504692186,0.9473634349292899,0.9999999999999993,0.9999999999999991,0.90989010989011,0.6666625649572974
526_UCR_id_224_Sensor_tr_2827_1st_4711.csv,0.69188992883996,0.9980547616013399,0.8954615240389535,0.9993683136640328,0.8269993690754301,0.9999999999999996,0.9999999999999993,0.8270042194092826,0.6666956022042749
531_SMAP_id_1_Sensor_tr_1811_1st_4510.csv,0.978164966497364,0.9997362991918346,0.9930407230982612,0.999950116579674,0.9050229780864887,0.9999999999999996,0.9999999999999993,0.9024390243902439,0.9929830263132328
532_SMAP_id_2_Sensor_tr_2075_1st_5550.csv,0.5570587578496133,0.9233718204916798,0.5671086661224165,0.9283969821195865,0.6071386288559776,0.9999999999999996,0.9999999999999993,0.7069721244574958,0.6949578898272023
533_SMAP_id_3_Sensor_tr_2052_1st_5300.csv,0.9913406990701975,0.9951188373811676,0.9925305824184206,0.9968557956340298,0.9914479918434599,0.9999999999999996,0.9999999999999993,0.9924501168434299,0.9999374023417923
534_SMAP_id_4_Sensor_tr_1968_1st_4370.csv,0.9403275149720723,0.9995739060036644,0.9804088397715323,0.99991317898598,0.8499951125281029,0.9999999999999996,0.9999999999999991,0.85,0.9929240532798624
536_SMAP_id_6_Sensor_tr_2160_1st_5600.csv,0.9998049018646769,0.9999976809954095,0.9993674552137135,0.9999961104660835,0.9950688917720709,0.9999999999999996,0.9999999999999993,0.991088119800991,0.8311751218712939
537_SMAP_id_7_Sensor_tr_2077_1st_5394.csv,0.9999244590482752,0.9999973406011747,0.9994313862456324,0.9999893353844891,0.9946852656528239,0.9999999999999996,0.9999999999999993,0.9939312429979583,0.9955978721395872
538_SMAP_id_8_Sensor_tr_2007_1st_3650.csv,0.7593729188509951,0.9167233988542021,0.7449159996606101,0.9199658729271529,0.8268789524150258,0.9871086556169423,0.777777777777777,0.7677490959865382,0.7574970864257359
539_SMAP_id_9_Sensor_tr_1857_1st_4270.csv,0.9941317242053367,0.9999488400026691,0.995799312539196,0.9999765060527369,0.9516079045527922,0.9999999999999996,0.9999999999999991,0.9590443686006827,0.7447814330426765
540_SMAP_id_10_Sensor_tr_2051_1st_4575.csv,0.9986625273289241,0.9999678183668625,0.998584286815187,0.9999825162817113,0.9809214314712515,0.9999999999999996,0.9999999999999993,0.9824945295404814,0.6856396519651916
541_SMAP_id_11_Sensor_tr_1832_1st_5300.csv,0.837484049735431,0.8673332719329196,0.8638333693288639,0.9011794921710824,0.8749950720277543,0.9999999999999996,0.9999999999999993,0.900705666324237,0.6091627486920855
542_SMAP_id_12_Sensor_tr_1908_1st_4690.csv,0.9970043830605744,0.9999872682287135,0.9961571592043152,0.9999871493335486,0.9687450049085684,0.9999999999999996,0.9999999999999991,0.9597315436241611,0.9947860393990636
544_SMAP_id_14_Sensor_tr_1978_1st_4450.csv,0.9495588315966056,0.9992853291584548,0.9801070701945653,0.9997999890209736,0.8818131822597506,0.9999999999999996,0.9999999999999993,0.8946106635980053,0.6695412222302668
545_SMAP_id_15_Sensor_tr_1173_1st_2750.csv,0.9562362217126752,0.9994804470689611,0.9899371422482658,0.9999241079045921,0.8717899540053876,0.9999999999999996,0.9999999999999991,0.8717948717948718,0.7617331921387094
546_SMAP_id_16_Sensor_tr_2117_1st_4770.csv,0.05085525986531652,0.7990511905657613,0.1313037807657114,0.8626107394376339,0.13792849834190823,0.7857142857142853,0.10810810810810799,0.17326848249027238,0.7755992922006435
547_SMAP_id_17_Sensor_tr_2133_1st_5400.csv,0.5850901886529019,0.8281641472715218,0.5875539861733525,0.8385280144921305,0.6516084805248733,0.9999999999999996,0.9999999999999993,0.7383556095585257,0.7284057707426248
548_SMAP_id_18_Sensor_tr_2094_1st_5600.csv,0.950510249164283,0.9997395642822655,0.9753606444841275,0.9999082103072122,0.8666617062012314,0.9999999999999996,0.9999999999999991,0.8692355500310753,0.6786202869605543
549_SMAP_id_19_Sensor_tr_1998_1st_2098.csv,0.9619828099456122,0.999225729600953,0.9881442101661512,0.9998175874417663,0.9222748036458779,0.9999999999999996,0.9999999999999993,0.9221582706597798,0.8876844405392895
550_SWaT_id_1_Sensor_tr_43700_1st_43800.csv,0.7059860731687773,0.8114217199148887,0.5563147925479593,0.7564706234476725,0.7794422396314205,0.8805612737890176,0.2758620689655169,0.08699195541760515,0.6946726924402216
551_YAHOO_id_1_Synthetic_tr_500_1st_893.csv,0.25,0.997887323943662,0.4867458172133363,0.9985628232250007,0.3999968000255998,0.39999999999999947,0.39999999999999947,0.4,0.7866294079531567
552_YAHOO_id_2_Synthetic_tr_500_1st_893.csv,0.0625,0.9894366197183099,0.16205666174841896,0.9904601619554466,0.11764595156751464,0.11764705882352929,0.11764705882352929,0.2857142857142857,0.8006111215423614
555_YAHOO_id_5_WebService_tr_500_1st_730.csv,0.3817663817663818,0.9900059665871122,0.7359132390310579,0.995407528966474,0.3999968000255998,0.39999999999999947,0.39999999999999947,0.5864661654135338,0.6889837524907397
558_YAHOO_id_8_WebService_tr_500_1st_1125.csv,0.24714653047066382,0.9115256124721604,0.2533638441625396,0.8687877359081374,0.5062196312435545,0.6475409836065569,0.08510638297872329,0.3672541216600341,0.6684236432600474
562_YAHOO_id_12_Synthetic_tr_500_1st_893.csv,1.0,1.0,1.0,1.0,0.9999950000249999,0.9999999999999983,0.9999999999999983,0.33333333333333337,0.7991020161317293
570_YAHOO_id_20_Synthetic_tr_500_1st_658.csv,0.05268091397588568,0.9696541990119971,0.2096748643270416,0.9751489952551078,0.1290310509998455,0.12903225806451601,0.06896551724137923,0.5384615384615384,0.7156229915471143
571_YAHOO_id_21_Synthetic_tr_500_1st_623.csv,0.41300649235125264,0.9774944916587975,0.644650333712987,0.9887815185580389,0.49999625002812476,0.49999999999999944,0.49999999999999933,0.610958218663998,0.7759616524115808
579_YAHOO_id_29_WebService_tr_500_1st_1342.csv,1.0,1.0,1.0,1.0,0.9999950000249999,0.9999999999999983,0.9999999999999983,1.0,0.7146346842635267
603_YAHOO_id_53_Synthetic_tr_500_1st_893.csv,1.0,1.0,1.0,1.0,0.9999950000249999,0.9999999999999983,0.9999999999999983,0.2857142857142857,0.7175740355458379
644_YAHOO_id_94_WebService_tr_500_1st_1078.csv,0.04000642166185885,0.3546470588235294,0.04323309370399582,0.3619894838404688,0.12701289729816065,0.1356275303643723,0.020283975659229184,0.11030176899063476,0.3427799174483604
645_YAHOO_id_95_WebService_tr_500_1st_1047.csv,1.0,1.0,1.0,1.0,0.9999950000249999,0.9999999999999983,0.9999999999999983,1.0,0.6923140654416008
649_YAHOO_id_99_WebService_tr_500_1st_1386.csv,1.0,1.0,1.0,1.0,0.9999950000249999,0.9999999999999983,0.9999999999999983,0.4,0.6666623797217037
657_YAHOO_id_107_WebService_tr_500_1st_1260.csv,1.0,1.0,1.0,1.0,0.9999950000249999,0.9999999999999983,0.9999999999999983,0.5,0.9579878475450059
658_YAHOO_id_108_Synthetic_tr_500_1st_893.csv,1.0,1.0,1.0,1.0,0.9999950000249999,0.9999999999999983,0.9999999999999983,0.33333333333333337,0.8096037594632675
672_YAHOO_id_122_WebService_tr_500_1st_857.csv,0.0021141649048625794,0.718880285884455,0.0021141649048625807,0.7206670637284098,0.004219367178044826,0.004219409282700418,0.004219409282700418,0.33333333333333337,0.63929368957246
680_YAHOO_id_130_Synthetic_tr_500_1st_893.csv,1.0,1.0,1.0,1.0,0.9999950000249999,0.9999999999999983,0.9999999999999983,0.5,0.7906177309389054
689_YAHOO_id_139_WebService_tr_500_1st_1073.csv,1.0,1.0,1.0,1.0,0.9999950000249999,0.9999999999999983,0.9999999999999983,1.0,0.7974901200584861
693_YAHOO_id_143_WebService_tr_500_1st_1003.csv,0.515625,0.9782456140350877,0.5350426901665625,0.9796062003751773,0.6666622222518517,0.6666666666666657,0.6666666666666657,0.6666666666666666,0.6905420605302965
701_YAHOO_id_151_Synthetic_tr_500_1st_893.csv,0.015151515151515152,0.954225352112676,0.042663640860535694,0.9545417490583501,0.029850452219425897,0.029850746268656685,0.029850746268656685,0.09523809523809523,0.8144733842008833
723_YAHOO_id_173_WebService_tr_500_1st_1214.csv,0.6428571428571428,0.9982369534555713,0.9480262344689759,0.9997778686471817,0.6666622222518517,0.6666666666666657,0.6666666666666657,0.3333333333333333,0.8505928783280345
724_YAHOO_id_174_WebService_tr_500_1st_1030.csv,0.28376952834399644,0.9797014925373134,0.6051090565364804,0.9890011490307705,0.3333305555787035,0.3333333333333329,0.3333333333333329,0.4933096285206326,0.6670715190288921
734_YAHOO_id_184_WebService_tr_500_1st_768.csv,0.9502029852013318,0.9927645840003827,0.9849951901954209,0.9978241750238205,0.9419037305922966,0.9956140350877187,0.9166666666666661,0.9256105962330862,0.9697920054267036
741_YAHOO_id_191_WebService_tr_500_1st_1114.csv,0.6666666666666666,0.99880810488677,0.8818222759859512,0.9997533583710849,0.6666622222518517,0.6666666666666657,0.6666666666666657,0.7499999999999999,0.6982774861267435
755_YAHOO_id_205_Synthetic_tr_500_1st_893.csv,0.013157894736842105,0.9471830985915493,0.03664646495583182,0.9464363673692711,0.02597376960954671,0.025974025974025948,0.025974025974025948,0.4,0.806084418083681
762_YAHOO_id_212_WebService_tr_500_1st_1055.csv,0.003571884847968657,0.6603098927294397,0.010535377005779414,0.6506858349775796,0.009950051735293999,0.009950248756218884,0.009950248756218884,0.28920570264765777,0.7024256325057253
780_YAHOO_id_230_Synthetic_tr_500_1st_893.csv,0.0037174721189591076,0.8112676056338028,0.00627699937360691,0.8350291048618412,0.007407333608417012,0.007407407407407399,0.007407407407407399,0.018867924528301886,0.7710225401182543
788_YAHOO_id_238_WebService_tr_500_1st_973.csv,0.004424778761061947,0.8659916617033949,0.0043478260869565235,0.8653960690887432,0.008810484970502056,0.00881057268722466,0.00881057268722466,0.33333333333333337,0.6280125234077896
797_YAHOO_id_247_Synthetic_tr_500_1st_893.csv,0.002702702702702703,0.7401408450704225,0.005421784919387888,0.7780165193559858,0.005390781817000747,0.005390835579514819,0.005390835579514819,0.028169014084507043,0.7023297469316063
806_YAHOO_id_256_Synthetic_tr_500_1st_893.csv,1.0,1.0,1.0,1.0,0.9999950000249999,0.9999999999999983,0.9999999999999983,0.2857142857142857,0.6795398737602236
807_YAHOO_id_257_WebService_tr_500_1st_1210.csv,0.20756467585491387,0.9579413855094276,0.5022518812243204,0.9799413387041754,0.25423482191418517,0.36559139784946204,0.39999999999999947,0.6156988222479406,0.7771894966845877
810_Exathlon_id_1_Facility_tr_10766_1st_12590.csv,0.9020263413121175,0.990169377393266,0.9121234877638597,0.9906710097477042,0.9684524136546315,0.9956963648017575,0.4337349397590358,0.401950318017271,0.8327718291058018
811_Exathlon_id_2_Facility_tr_10766_1st_12590.csv,0.9564057192543048,0.9880884870996869,0.961685457563444,0.9887914717538338,0.9808902469753608,0.9989894350022962,0.7659574468085102,0.6026258905633632,0.9781455045120806
812_Exathlon_id_3_Facility_tr_10766_1st_12590.csv,0.999873293415944,0.9999815092583261,0.9999046603597674,0.9999928983215813,0.9935266948365924,0.9999999999999996,0.9999999999999996,0.9947101323193067,0.9981494233136007
814_Exathlon_id_5_Facility_tr_10766_1st_12590.csv,0.9564057192543048,0.9880884870996869,0.961685457563444,0.9887914717538338,0.9808902469753608,0.9989894350022962,0.7659574468085102,0.6026258905633632,0.9781455045120806
815_Exathlon_id_6_Facility_tr_10766_1st_12590.csv,0.999873293415944,0.9999815092583261,0.9999046603597674,0.9999928983215813,0.9935266948365924,0.9999999999999996,0.9999999999999996,0.9947101323193067,0.9981494233136007
816_Exathlon_id_7_Facility_tr_10766_1st_12590.csv,0.9311958629007848,0.9882976871376578,0.9328125597656048,0.9891519715335271,0.9515352651507327,0.9999999999999996,0.9999999999999996,0.3472937845608304,0.963619113521916
817_Exathlon_id_8_Facility_tr_10766_1st_12590.csv,0.6048714880521169,0.9529808984284301,0.6077228506409911,0.9537963354937891,0.8250632376466162,0.9994485294117641,0.8571428571428567,0.33446657224698206,0.8413064352243105
818_Exathlon_id_9_Facility_tr_11665_1st_13484.csv,0.9417256839381521,0.9977425450670977,0.9795708789788885,0.9991838818760941,0.9740468995997366,0.9999999999999996,0.9999999999999996,0.9730624656210145,0.9438199546793314
819_Exathlon_id_10_Facility_tr_10766_1st_12590.csv,0.9832622968708157,0.9987918551171646,0.9959075552838796,0.9996747469701414,0.9820374461053543,0.9999999999999996,0.9999999999999996,0.9838119584350642,0.984067233035442
820_Exathlon_id_11_Facility_tr_11665_1st_13484.csv,0.9121345223432191,0.9962111577896967,0.9095741079739386,0.9962953457106684,0.9114821572707945,0.9984654731457795,0.7999999999999995,0.477882507612574,0.9256570468998893
821_Exathlon_id_12_Facility_tr_6985_1st_7085.csv,0.8803265181692204,0.9688352723438746,0.882640889520742,0.9708365575537246,0.9047426914628252,0.9986632390745496,0.8219178082191776,0.3680963244311557,0.788595301308833
822_Exathlon_id_13_Facility_tr_10766_1st_12590.csv,0.6048714880521169,0.9529808984284301,0.6077228506409911,0.9537963354937891,0.8250632376466162,0.9994485294117641,0.8571428571428567,0.33446657224698206,0.8413064352243105
823_Exathlon_id_14_Facility_tr_10766_1st_12590.csv,0.9203132126095672,0.9948349048288663,0.9639072616876252,0.9975982403892368,0.9796346417378593,0.9999999999999996,0.9999999999999996,0.9791832360239783,0.9924472616256672
824_Exathlon_id_15_Facility_tr_10766_1st_12590.csv,0.9799788466227317,0.9895288440246699,0.9812610270696883,0.9902974344616552,0.9760112980721353,0.9999999999999996,0.9999999999999996,0.4810555458493143,0.7762100485315176
826_Exathlon_id_17_Facility_tr_11665_1st_13484.csv,0.9121345223432191,0.9962111577896967,0.9095741079739386,0.9962953457106684,0.9114821572707945,0.9984654731457795,0.7999999999999995,0.477882507612574,0.9256570468998893
827_Exathlon_id_18_Facility_tr_10766_1st_12590.csv,0.9799788466227317,0.9895288440246699,0.9812610270696883,0.9902974344616552,0.9760112980721353,0.9999999999999996,0.9999999999999996,0.4810555458493143,0.7762100485315176
828_Exathlon_id_19_Facility_tr_11663_1st_13482.csv,0.9613127727871555,0.998265773696739,0.9692170973526181,0.9986044588272606,0.9542261534804938,0.9999999999999996,0.9999999999999996,0.6710460580215488,0.7977591875707238
829_Exathlon_id_20_Facility_tr_10766_1st_12590.csv,0.9311958629007848,0.9882976871376578,0.9328125597656048,0.9891519715335271,0.9515352651507327,0.9999999999999996,0.9999999999999996,0.3472937845608304,0.963619113521916
830_Exathlon_id_21_Facility_tr_10766_1st_12590.csv,0.9632889709606873,0.9970944558651534,0.963558084519664,0.9972743801977569,0.957660805092532,0.9999999999999996,0.9999999999999996,0.3675408425727112,0.9363850983894103
831_Exathlon_id_22_Facility_tr_11665_1st_13484.csv,0.9121345223432191,0.9962111577896967,0.9095741079739386,0.9962953457106684,0.9114821572707945,0.9984654731457795,0.7999999999999995,0.477882507612574,0.9256570468998893
832_Exathlon_id_23_Facility_tr_10766_1st_12590.csv,0.9311958629007848,0.9882976871376578,0.9328125597656048,0.9891519715335271,0.9515352651507327,0.9999999999999996,0.9999999999999996,0.3472937845608304,0.963619113521916
833_Exathlon_id_24_Facility_tr_10766_1st_12590.csv,0.999873293415944,0.9999815092583261,0.9999046603597674,0.9999928983215813,0.9935266948365924,0.9999999999999996,0.9999999999999996,0.9947101323193067,0.9981494233136007
834_Exathlon_id_25_Facility_tr_11665_1st_13484.csv,0.9121345223432191,0.9962111577896967,0.9095741079739386,0.9962953457106684,0.9114821572707945,0.9984654731457795,0.7999999999999995,0.477882507612574,0.9256570468998893
835_Exathlon_id_26_Facility_tr_10766_1st_12590.csv,0.8374064594245716,0.9760632094590991,0.8400788684017231,0.9774581280373431,0.9192314354976991,0.9958787434746765,0.7272727272727266,0.3322540838930295,0.8503115354535975
836_Exathlon_id_27_Facility_tr_10766_1st_12590.csv,0.999873293415944,0.9999815092583261,0.9999046603597674,0.9999928983215813,0.9935266948365924,0.9999999999999996,0.9999999999999996,0.9947101323193067,0.9981494233136007
837_Exathlon_id_28_Facility_tr_8898_1st_8998.csv,0.8337182878642966,0.9907389781590676,0.935953512895635,0.9962143968209252,0.9112362572162063,0.9936159346271699,0.48979591836734654,0.7993413478064764,0.7382269367623179
838_Exathlon_id_29_Facility_tr_10766_1st_12590.csv,0.6048714880521169,0.9529808984284301,0.6077228506409911,0.9537963354937891,0.8250632376466162,0.9994485294117641,0.8571428571428567,0.33446657224698206,0.8413064352243105
839_Exathlon_id_30_Facility_tr_10766_1st_12590.csv,0.9311958629007848,0.9882976871376578,0.9328125597656048,0.9891519715335271,0.9515352651507327,0.9999999999999996,0.9999999999999996,0.3472937845608304,0.963619113521916
840_Exathlon_id_31_Facility_tr_10766_1st_12590.csv,0.9799788466227317,0.9895288440246699,0.9812610270696883,0.9902974344616552,0.9760112980721353,0.9999999999999996,0.9999999999999996,0.4810555458493143,0.7762100485315176
841_Exathlon_id_32_Facility_tr_11663_1st_13482.csv,0.9268535129467723,0.9973727385759475,0.9682795155337086,0.9988193893602166,0.9710358767226145,0.9999999999999996,0.9999999999999996,0.9713269055321891,0.9730560863970207
842_OPPORTUNITY_id_1_HumanActivity_tr_7295_1st_27516.csv,0.9472584104408497,0.9996911090665423,0.9366147821038204,0.9996334308973696,0.9634096343581899,0.9999999999999996,0.9999999999999993,0.6583850931677019,0.6508673596381355
843_OPPORTUNITY_id_2_HumanActivity_tr_808_1st_908.csv,0.7484461749624772,0.972153562423871,0.756405639924288,0.9728321858238173,0.8993456760610866,0.9934754240974331,0.444444444444444,0.47464387464387464,0.7692215169894567
844_OPPORTUNITY_id_3_HumanActivity_tr_500_1st_566.csv,0.09975877841066796,0.5092468947696707,0.11528881393772737,0.5313302532882924,0.2592702069872653,0.8527336860670189,0.1333333333333331,0.1930621525468987,0.7314680222862172
845_OPPORTUNITY_id_4_HumanActivity_tr_7295_1st_27516.csv,0.6156846330456067,0.9973820416839965,0.6896525069291243,0.9974936761752823,0.8912994011675764,0.9269662921348308,0.161290322580645,0.46077202379085336,0.6193237647090792
846_OPPORTUNITY_id_5_HumanActivity_tr_2085_1st_2185.csv,0.8149194855534572,0.9962580569301495,0.8483820591707302,0.9966779373468277,0.9228922061421446,0.9855421686746983,0.6153846153846148,0.7139853667239063,0.7067110150021068
847_OPPORTUNITY_id_6_HumanActivity_tr_808_1st_908.csv,0.48725602733222,0.9377496008930261,0.49726713212657436,0.938712805359963,0.7833713692719342,0.9870354364736381,0.2857142857142854,0.2596236099230111,0.7614105847428764
848_OPPORTUNITY_id_7_HumanActivity_tr_1477_1st_1577.csv,0.4571471363266424,0.9881868643861262,0.5151059741952577,0.9895507341500321,0.7069896450080007,0.9417360285374549,0.2461538461538459,0.5299213809030531,0.7181576026769276
849_OPPORTUNITY_id_8_HumanActivity_tr_1100_1st_1200.csv,0.8268099357683663,0.9977583653737787,0.8556218538308523,0.9980668467156886,0.9018961690511013,0.9822294022617118,0.6153846153846148,0.573981399535878,0.6990027492074327
850_OPPORTUNITY_id_9_HumanActivity_tr_895_1st_995.csv,0.9388434580434152,0.9975120806929997,0.9486480576351838,0.9982274509432439,0.8638083223340443,0.9999999999999996,0.9999999999999993,0.893939393939394,0.6522930705283092
851_OPPORTUNITY_id_10_HumanActivity_tr_6213_1st_7311.csv,0.01889877029627966,0.12068667697087022,0.020549840417067408,0.15401708305507136,0.06931295117750838,0.16277767407130841,0.0013360053440213745,0.12494511644987905,0.6367224984336157
853_OPPORTUNITY_id_12_HumanActivity_tr_808_1st_908.csv,0.6157822576167964,0.9661120287467655,0.6284792284471722,0.9665052099487043,0.8736833647005587,0.9969445656918371,0.6315789473684205,0.301785277573979,0.7325138512474405
854_OPPORTUNITY_id_13_HumanActivity_tr_1477_1st_1577.csv,0.8060619584099603,0.9982599196621337,0.8747326625750413,0.9986967265235032,0.9323793599638011,0.9646772228989032,0.35555555555555524,0.8346185849412261,0.7396618266439302
855_OPPORTUNITY_id_14_HumanActivity_tr_808_1st_908.csv,0.07497035645725075,0.08950229728518751,0.08129802525207368,0.1017130533223359,0.22394153521082025,0.9649345162653141,0.12631578947368405,0.43890937233094596,0.6364951103034184
856_OPPORTUNITY_id_15_HumanActivity_tr_808_1st_908.csv,0.7947829790530905,0.9866401222268565,0.8127703969692385,0.9875219453348647,0.9444162389835231,0.9913194444444439,0.37499999999999967,0.3718077284254847,0.7585484760555194
857_OPPORTUNITY_id_16_HumanActivity_tr_500_1st_566.csv,0.7566175490785892,0.987209536662751,0.7890641429936169,0.9879290366546909,0.822274069517065,0.8843164151806122,0.6666666666666661,0.688649795423549,0.7297132796076684
858_OPPORTUNITY_id_17_HumanActivity_tr_808_1st_908.csv,0.5067339037390493,0.9448076265664189,0.5175252302646126,0.9451012246586444,0.8082927356454765,0.9235746057420132,0.05970149253731337,0.28627971839778554,0.697579265426497
859_OPPORTUNITY_id_18_HumanActivity_tr_895_1st_995.csv,0.14508555009144836,0.8561980407376251,0.15429685404189933,0.8596935087099349,0.21971358327962123,0.9988597491448112,0.9090909090909084,0.2528344671201814,0.6852733328921429
860_OPPORTUNITY_id_19_HumanActivity_tr_808_1st_908.csv,0.7066483831812116,0.9789965183932169,0.7363420438891107,0.9806152294924163,0.920707003056238,0.9952069716775594,0.5217391304347822,0.3607236328987256,0.7593320062680484
861_OPPORTUNITY_id_20_HumanActivity_tr_2085_1st_2185.csv,0.5935965955463226,0.9869963046096072,0.6119589454809724,0.9873812841053778,0.7695302959931646,0.9709198813056373,0.2686567164179102,0.5634258773136928,0.6879696754138953
862_OPPORTUNITY_id_21_HumanActivity_tr_500_1st_566.csv,0.7471548340387912,0.990886085433214,0.809200117554384,0.9930512554243354,0.9071720613765797,0.9324975891996138,0.6666666666666661,0.9089892149125463,0.7140182136645983
863_OPPORTUNITY_id_22_HumanActivity_tr_808_1st_908.csv,0.6239455896592093,0.9419746585049338,0.6338956000092206,0.9422209955733953,0.7764838539918191,0.851920925027974,0.02933985330073346,0.29895287958115185,0.7730200005992778
865_OPPORTUNITY_id_24_HumanActivity_tr_2085_1st_2185.csv,0.7010613403569125,0.9933879185394492,0.760883646079502,0.9945847780032918,0.8656035559417355,0.969194312796208,0.3809523809523803,0.5634718249463804,0.6849143572522779
866_OPPORTUNITY_id_25_HumanActivity_tr_6213_1st_7311.csv,0.6805243655687272,0.9938794561216916,0.7449293852151688,0.9949424317551596,0.8728182507728445,0.9688888888888884,0.17647058823529393,0.47508982206001404,0.5731819428083815
867_OPPORTUNITY_id_26_HumanActivity_tr_808_1st_908.csv,0.0675852567369279,0.08210507217115301,0.07327108256462993,0.12056174513170266,0.22394153521082025,0.708656531182128,0.012618296529968438,0.23641760520852628,0.5947559896310967
868_OPPORTUNITY_id_27_HumanActivity_tr_2085_1st_2185.csv,0.6379252355018887,0.9882639786136773,0.650530999393164,0.9890464780168661,0.7677402713211673,0.9445727482678978,0.6153846153846148,0.44066584897921207,0.6594930942687663
869_OPPORTUNITY_id_28_HumanActivity_tr_500_1st_566.csv,0.7585635369178466,0.9921477954015959,0.8793945747698688,0.9959987291775969,0.8889950054730601,0.9738167170191334,0.2777777777777775,0.8526395292198097,0.728533313510053
870_OPPORTUNITY_id_29_HumanActivity_tr_1477_1st_1577.csv,0.8847575979980544,0.9978001703093954,0.9241911440800884,0.9989515082046004,0.8956693005737197,0.9599999999999995,0.7692307692307686,0.8445584794641856,0.7324548530819277
