,AUC-PR,AUC-ROC,VUS-PR,VUS-ROC,Standard-F1,PA-F1,Event-based-F1,R-based-F1,Affiliation-F,time
001_NAB_id_1_Facility_tr_1007_1st_2014.csv,0.20978125598783579,0.5265592292076422,0.20920510689265667,0.5316022792464434,0.20783873281152268,0.9999999999999996,0.9999999999999993,0.4448181236717767,0.7644750425054472,0.4502890110015869
002_NAB_id_2_WebService_tr_1500_1st_4106.csv,0.7203434688624617,0.8429974436740373,0.721111775063816,0.8580681108847703,0.6710354881244194,0.9999999999999996,0.9999999999999993,0.561427280939476,0.7181482093690102,0.7368490695953369
005_NAB_id_5_Traffic_tr_594_1st_1645.csv,0.1018302550447513,0.4253765027729915,0.10563420557393158,0.43788698614071786,0.1861539628821278,0.9596774193548382,0.2857142857142854,0.2770137524557957,0.6165865421035027,0.2517111301422119
006_NAB_id_6_Traffic_tr_2579_1st_5839.csv,0.8578425400963269,0.9801080095780895,0.8584395322039721,0.9838624845127988,0.7830538282394787,0.9127159946832072,0.8888888888888884,0.7625989134761629,0.6864359167205085,1.2106542587280273
008_NAB_id_8_Synthetic_tr_1007_1st_2734.csv,0.7788808878105662,0.8406740066545202,0.8071614098447404,0.8716484908948056,0.7972364387083823,0.9999999999999996,0.9999999999999993,0.8305580144639487,0.7775369783662384,0.31499552726745605
009_NAB_id_9_Traffic_tr_500_1st_438.csv,0.2318575659801229,0.8128534704370179,0.25708359961494337,0.8388811608035441,0.41509021240508515,0.7248322147651002,0.046511627906976695,0.564516129032258,0.8162914847361321,0.24445629119873047
010_NAB_id_10_WebService_tr_500_1st_271.csv,0.5388683936835822,0.7713646745336886,0.6331749826737242,0.8391089773593218,0.5055712585993335,0.7967479674796742,0.7999999999999993,0.7071431573343794,0.8440218988881637,0.07235908508300781
011_NAB_id_11_Facility_tr_1007_1st_1526.csv,0.9638350891347813,0.995060550954972,0.9868403589476032,0.9983071767391617,0.9080410193162739,0.9999999999999996,0.9999999999999993,0.90371782650143,0.9888705149784905,0.5853121280670166
013_NAB_id_13_Traffic_tr_623_1st_2084.csv,0.4921986692498692,0.9438140924367334,0.8486569674109964,0.9863564481724205,0.6687355412974338,0.9305816135084423,0.3018867924528299,0.5355718872950125,0.7336441126302716,0.34937429428100586
014_NAB_id_14_WebService_tr_500_1st_1045.csv,0.27364028127418255,0.6298546456393692,0.27250870225135193,0.6341102399434011,0.2814790628465711,0.9999999999999996,0.9999999999999993,0.48000000000000004,0.6601057716636335,0.15713882446289062
015_NAB_id_15_Synthetic_tr_1007_1st_2787.csv,0.99825772200666,0.9997523180701422,0.9998605572126716,0.9999846989918562,0.9855857791614658,0.9999999999999996,0.9999999999999993,0.984805066004438,0.673821791128071,0.4524199962615967
016_NAB_id_16_Environment_tr_1816_1st_3540.csv,0.3336850280602506,0.8222420872526186,0.3274041907513145,0.8282406238087893,0.39422062245948,0.9705093833780155,0.6666666666666661,0.35776031658889196,0.6933899443154762,0.7693135738372803
017_NAB_id_17_Synthetic_tr_1007_1st_1805.csv,0.5928546234593368,0.7655707409494276,0.6000361950811282,0.7906559928751644,0.6753625327564009,0.9999999999999996,0.9999999999999993,0.7326607818411097,0.9868324978291313,0.44524240493774414
018_NAB_id_18_Facility_tr_500_1st_669.csv,0.07602836401150342,0.3951659524198514,0.10070590017327022,0.4362577183181567,0.2280149597946861,0.28377358490566007,0.020100502512562776,0.33865713895900135,0.4690692882197681,0.17626023292541504
019_NAB_id_19_Facility_tr_1007_1st_1171.csv,0.24645560820311324,0.5200709171027266,0.24146183354522868,0.5253575592729359,0.2862955909661004,0.9999999999999996,0.9999999999999993,0.405103668261563,0.6715797541005385,0.3730759620666504
020_NAB_id_20_Synthetic_tr_1007_1st_2679.csv,0.997565737565192,0.9995480754246533,0.9996571362848696,0.9999496915916778,0.9703075044324575,0.9999999999999996,0.9999999999999993,0.970301942537633,0.6908506118618771,0.3907339572906494
022_NAB_id_22_Facility_tr_1007_1st_2980.csv,0.8124881224177108,0.9613111539556995,0.8241074279261968,0.9660005148925057,0.7154924978134419,0.9999999999999996,0.9999999999999993,0.7239267501796236,0.8639597881447793,0.46144819259643555
023_NAB_id_23_Facility_tr_4512_1st_16551.csv,0.6817491709954764,0.9430051500000121,0.688479833877313,0.94320497001731,0.7490457480194124,0.9976689976689972,0.6315789473684205,0.3239449454526697,0.7753702553974052,1.5599782466888428
024_NAB_id_24_Synthetic_tr_1007_1st_2787.csv,0.9999886299943773,0.9999983377051688,0.9999934411328985,0.9999995169280896,0.998049474752145,0.9999999999999996,0.9999999999999993,0.9980544747081712,0.6942373032388032,0.4207630157470703
025_NAB_id_25_WebService_tr_3958_1st_4614.csv,0.1281973776189001,0.49172689953353205,0.11921379522976772,0.49536154043053787,0.18327413264128536,0.9999999999999996,0.9999999999999993,0.3589530535936851,0.6626526481912731,1.9042541980743408
026_NAB_id_26_Traffic_tr_624_1st_2261.csv,0.16581155321449073,0.4966884586651998,0.16179052359970955,0.4994343210623098,0.1742297418412293,0.9999999999999996,0.9999999999999993,0.39622641509433965,0.6482934119033803,0.2680377960205078
027_NAB_id_27_Facility_tr_757_1st_2582.csv,0.7951783533256783,0.9615047686329918,0.7916156551334331,0.9615028632372442,0.7654273739050993,0.9999999999999996,0.9999999999999993,0.8151658767772512,0.6902184030414089,0.36235833168029785
028_NAB_id_28_Facility_tr_1007_1st_3447.csv,0.8685355440682465,0.9803704397357323,0.9461822189550726,0.9924806392003179,0.7667336863395302,0.9999999999999996,0.9999999999999993,0.728813559322034,0.867717353101829,0.8300597667694092
032_WSD_id_4_WebService_tr_4559_1st_11822.csv,0.9864149305555556,0.9999530692697578,0.9423079156767227,0.9998835519799063,0.9374950000266665,0.9999999999999996,0.9999999999999993,0.951048951048951,0.6713268569333057,1.1071150302886963
039_WSD_id_11_WebService_tr_1746_1st_1846.csv,0.3396067131599201,0.9811328578537072,0.6697071609332397,0.98977473129043,0.4140078656908548,0.4556451612903221,0.2666666666666664,0.5863196853548721,0.7733686161254536,2.7393949031829834
040_WSD_id_12_WebService_tr_4559_1st_9714.csv,0.013017022095068994,0.9121468642551224,0.02450252729361789,0.8937421988637321,0.04101657718830352,0.04774083546462057,0.008960573476702496,0.13521209885651053,0.7193173101698835,2.3603463172912598
043_WSD_id_15_WebService_tr_4521_1st_6828.csv,0.02984990276986543,0.9586075926028357,0.10978648252159201,0.9588934310858209,0.13953248246425526,0.15384615384615358,0.06060606060606049,0.5,0.6610159848713921,2.079688310623169
049_WSD_id_21_WebService_tr_4297_1st_7097.csv,0.8789669339275195,0.9998401949245909,0.5318075824013312,0.9990448049209689,0.8888838901767626,0.9491525423728807,0.8888888888888881,0.7936384627004166,0.7043094769183341,2.0029444694519043
054_WSD_id_26_WebService_tr_2409_1st_2509.csv,0.23131762087347787,0.9390549423291579,0.49182322134620526,0.9528296360090716,0.3063021281310132,0.3317073170731703,0.3333333333333329,0.5995295982811041,0.6873731801381763,2.3401079177856445
058_WSD_id_30_WebService_tr_1136_1st_1236.csv,0.9202741702741702,0.9999588545095457,0.258413453260737,0.9984945630057634,0.8421003878398599,0.9999999999999993,0.9999999999999991,0.8421052631578948,0.6409697674374154,2.030334234237671
060_WSD_id_32_WebService_tr_4576_1st_4766.csv,0.8355924508719283,0.9991156381247219,0.9179525608658133,0.9996648533382533,0.7904711945893979,0.9807692307692302,0.8888888888888884,0.8442056155559051,0.6906340070020359,1.8267226219177246
068_WSD_id_40_WebService_tr_4549_1st_13322.csv,0.4368580480770343,0.9740790932142911,0.16498818217804812,0.9704547068072816,0.5531867632816624,0.6190476190476186,0.666666666666666,0.5909090909090908,0.6699694982385395,2.06957745552063
074_WSD_id_46_WebService_tr_990_1st_1090.csv,0.8617807796996045,0.9975539645757194,0.9278789205943042,0.9989598388539354,0.7912835801250288,0.8714285714285708,0.7422680412371129,0.8278021387971881,0.824348380598313,1.6554365158081055
089_WSD_id_61_WebService_tr_1010_1st_1110.csv,0.29675726791353885,0.9731666500897567,0.7307464490298341,0.9858522184254965,0.388679715674392,0.4086845466155807,0.16528925619834664,0.37889761338659106,0.7393888757810944,1.8624670505523682
094_WSD_id_66_WebService_tr_3309_1st_3914.csv,0.4805089683196951,0.9953903088276668,0.8014355369365288,0.9987216459077501,0.46808130378824764,0.494117647058823,0.49999999999999944,0.6169365542872312,0.6803995285006084,1.594883918762207
099_WSD_id_71_WebService_tr_4559_1st_14411.csv,0.8491039079911797,0.9996353862961548,0.7853856831603038,0.9995634305291882,0.7961117127256128,0.9999999999999996,0.9999999999999993,0.8033083484104421,0.6791592783186453,1.9863829612731934
106_WSD_id_78_WebService_tr_3363_1st_3463.csv,0.8841003153189152,0.9982327447087206,0.842533394175685,0.9974219112989907,0.8157844784277863,0.9140049140049133,0.6666666666666661,0.7113157556270097,0.6861169611365187,2.1484034061431885
113_WSD_id_85_WebService_tr_500_1st_335.csv,0.3056388934974206,0.9873131446853108,0.6655853216643214,0.9940018287641628,0.32050985461529885,0.3729372937293726,0.222222222222222,0.581202236010645,0.671309526690977,2.4834182262420654
117_WSD_id_89_WebService_tr_3251_1st_3351.csv,1.0,1.0,0.3882048914119589,0.9987668293438682,0.9999950000249999,0.9999999999999991,0.9999999999999983,1.0,0.6961601775761354,1.7116849422454834
125_WSD_id_97_WebService_tr_2217_1st_2317.csv,0.6390297749868048,0.995148546748134,0.8218972923893659,0.9981570078168444,0.5976051904257784,0.7264573991031386,0.5882352941176465,0.7027146805274109,0.6409474523195393,2.083238363265991
130_WSD_id_102_WebService_tr_2362_1st_2462.csv,0.5401788442504191,0.9878422226296513,0.7767553597488127,0.9973518445393853,0.6606285534038501,0.8478260869565211,0.3999999999999996,0.737830524274419,0.6207591296705032,2.143028736114502
137_WSD_id_109_WebService_tr_4559_1st_14404.csv,0.9785654625862754,0.9999328635647768,0.9363212669918463,0.9998703561082338,0.9430844391830076,0.9999999999999996,0.9999999999999993,0.9466746554823248,0.6727510292185118,2.010697603225708
139_WSD_id_111_WebService_tr_1701_1st_1801.csv,0.37262883115142137,0.8832027082555803,0.5096873093173452,0.8886920564421568,0.39285367509438585,0.4117647058823524,0.2666666666666664,0.43111114186468125,0.8518415184888398,2.5829267501831055
140_MSL_id_1_Sensor_tr_530_1st_630.csv,0.9976046146681199,0.9998711473966405,0.9996409849330056,0.9999883560251166,0.9679950051457735,0.9999999999999996,0.9999999999999993,0.9728353140916809,0.9854602683441424,0.32088613510131836
141_MSL_id_2_Sensor_tr_500_1st_550.csv,0.5104074795998457,0.8090994771963009,0.617836746912918,0.8237802099225475,0.6711359506699399,0.7821011673151747,0.6153846153846146,0.5817067145941969,0.8036487571517312,0.3297915458679199
143_MSL_id_4_Sensor_tr_980_1st_3550.csv,0.99893800739886,0.9999578519232695,0.9998553288536337,0.9999968421848144,0.9869231054548581,0.9999999999999996,0.9999999999999993,0.9842554083808059,0.8505800514170551,0.527775764465332
144_MSL_id_5_Sensor_tr_1525_1st_4590.csv,0.014110220600981776,0.23102697269224326,0.01894791252089176,0.2771146541524984,0.053997825796093184,0.053998351195383286,0.0017398869073510202,0.05398722439728003,0.5808962231876722,0.6258845329284668
145_MSL_id_6_Sensor_tr_530_1st_630.csv,0.5089344394169075,0.9600485344805988,0.7811095732095107,0.9831708833086311,0.6347776223454072,0.9603174603174597,0.444444444444444,0.66387545701144,0.7560113864418556,0.22437715530395508
147_MSL_id_8_Sensor_tr_590_1st_690.csv,0.18913244644559848,0.7581587884618187,0.2667093611660963,0.7813634064381575,0.3430876954545584,0.4777251184834119,0.05128205128205118,0.4456631043077632,0.7541785544340898,0.15169310569763184
148_MSL_id_9_Sensor_tr_883_1st_1238.csv,0.8629590323963101,0.9766523960339313,0.899738897018369,0.9861557165664043,0.8353759078824177,0.9999999999999996,0.9999999999999993,0.869957498792761,0.6999042233547861,0.34830451011657715
149_Stock_id_1_Finance_tr_500_1st_7.csv,0.0755692633083831,0.6153186906446201,0.8625881099085306,0.9154620765032667,0.13343640982193078,0.13377278014734362,0.1257327673337373,0.09476675215964335,0.5601298884264628,2.753695487976074
151_Stock_id_3_Finance_tr_500_1st_62.csv,0.06500340495645339,0.5726375514237407,0.8589039780321468,0.911228513799937,0.11301572127774512,0.11301859799713848,0.10716871832005766,0.19915028516955918,0.511351011688445,1.3204669952392578
155_Stock_id_7_Finance_tr_500_1st_18.csv,0.06442659113342085,0.5723775663414639,0.9267409401850234,0.9526861450250669,0.10894415086727309,0.10894684714427177,0.10383973288814666,0.055307673328186674,0.47618871853223155,3.3777596950531006
156_Stock_id_8_Finance_tr_500_1st_24.csv,0.3080541773063024,0.9108320557340281,0.5455659845994925,0.9200729252780323,0.38404993911644136,0.38405390230207703,0.3652661064425766,0.4726847064155722,0.8018463341100227,1.0403883457183838
160_Stock_id_12_Finance_tr_500_1st_14.csv,0.09383724447148699,0.6648733529467474,0.750468858798234,0.8643440507375572,0.15161449170387814,0.15161725067385418,0.1454407005520652,0.15085524398505246,0.612126342987159,2.3871381282806396
162_Stock_id_14_Finance_tr_500_1st_4.csv,0.16989072558031026,0.5675237903090218,0.9487819912294896,0.9616042349380982,0.2555078218863655,0.255576401917865,0.22903563941299762,0.13875907499758852,0.5179365208801288,1.6640653610229492
165_Stock_id_17_Finance_tr_500_1st_7.csv,0.16275680692327685,0.5472685532268926,0.972824979282681,0.9795857443552242,0.2526090654087505,0.25280247390800126,0.2227094391876296,0.12806204453807285,0.5143846587663615,5.608542203903198
166_Stock_id_18_Finance_tr_500_1st_18.csv,0.19802162289170486,0.608457513303412,0.8922410462205423,0.9217933653390046,0.2766360363331182,0.2770562770562767,0.2432111589256563,0.14366421751686193,0.5727966804546151,2.4911463260650635
169_Daphnet_id_1_HumanActivity_tr_9693_1st_20732.csv,0.5286086442686543,0.8988203584679878,0.5158192709987867,0.9159788186279115,0.5571084141469004,0.7843137254901956,0.483870967741935,0.4862494360981649,0.7756023366497201,6.181480407714844
170_MITDB_id_1_Medical_tr_17675_1st_17775.csv,0.5773710619041441,0.9305308382179185,0.5638818019777252,0.9566864408611402,0.5452557850349528,0.7812140488597138,0.37037037037037,0.5740907612838938,0.6910805393027566,153.04097604751587
171_MITDB_id_2_Medical_tr_50000_1st_88864.csv,0.8446208765668604,0.9863168911371871,0.7483471513290952,0.9835736168303055,0.7898535750301133,0.8991974946173413,0.749354005167958,0.6902530654630037,0.7261012721286303,169.77481317520142
172_MITDB_id_3_Medical_tr_27274_1st_27374.csv,0.674342378407379,0.9786316169590051,0.7355661178689389,0.9869298296180059,0.7017217967271726,0.9036305610867128,0.1844380403458211,0.7621540592361767,0.6774562694757862,199.9102804660797
173_MITDB_id_4_Medical_tr_13620_1st_13720.csv,0.21733606311945297,0.5312841821371742,0.22925613795648087,0.6030850363745851,0.282445678120796,0.41076692778884866,0.07111412123264449,0.3010137381693522,0.6629108378435962,163.66705703735352
175_MITDB_id_6_Medical_tr_27274_1st_27374.csv,0.54150094903924,0.9731501565243899,0.5588289200718142,0.9798952632394611,0.5631626485927741,0.7738825132316716,0.1910828025477705,0.4988364074449027,0.6774227415636178,264.66253662109375
176_MITDB_id_7_Medical_tr_6232_1st_6332.csv,0.9176942921451444,0.9917421463803273,0.9536384743542367,0.9977426828409617,0.838970368848141,0.9642717127100698,0.6497210167389952,0.8666461651907574,0.7662632379708936,161.82312273979187
177_MITDB_id_8_Medical_tr_17675_1st_17775.csv,0.6375715643264681,0.9696466380209504,0.7396383484697854,0.9847746134761589,0.6910152353543529,0.8707699939761167,0.13862332695984678,0.7033335883724293,0.6876359054498971,209.13675546646118
178_SMD_id_1_Facility_tr_6000_1st_10609.csv,0.4883189272854852,0.8443770912043519,0.2923036591175102,0.9180913101931656,0.5748819618555725,0.8428184281842813,0.555555555555555,0.28340889479764236,0.6827726442036861,2.3549323081970215
179_SMD_id_2_Facility_tr_5925_1st_17580.csv,0.8757719035358655,0.9986626254332814,0.9214625849132994,0.9995265627242349,0.8021341341201672,0.9999999999999996,0.9999999999999993,0.8071615701997221,0.6482750187836014,2.575704574584961
180_SMD_id_3_Facility_tr_5925_1st_17580.csv,0.9182866219147762,0.992953257584832,0.845965194450109,0.9941619180536363,0.9266616935822444,0.9999999999999996,0.9999999999999993,0.6889250814332247,0.9998543292278552,1.451197624206543
181_SMD_id_4_Facility_tr_5000_1st_15144.csv,0.6746975653506302,0.976448492853062,0.7616454563320966,0.9838723718943252,0.6019182318675802,0.9669861554845575,0.4705882352941172,0.7797991391511759,0.8288493076027504,1.9365520477294922
183_SMD_id_6_Facility_tr_5925_1st_17580.csv,0.9567772288510232,0.999682343859079,0.9627759047884706,0.9998310876579329,0.8656666493493537,0.9999999999999996,0.9999999999999993,0.8722708955672729,0.6238221301670286,2.3830649852752686
184_SMD_id_7_Facility_tr_7119_1st_15849.csv,0.4710531984309968,0.7013996947230388,0.4771264742510005,0.7045649977202098,0.5351139811117015,0.9998144368157352,0.9824561403508766,0.6435846972330753,0.8404850558000476,2.089813232421875
185_SMD_id_8_Facility_tr_5000_1st_15144.csv,0.6767843105866083,0.9804409854993812,0.783900253841563,0.9881987301313745,0.645896966386939,0.9270035732516585,0.4705882352941172,0.772068192625943,0.8241191065088899,3.046644687652588
187_SMD_id_10_Facility_tr_5000_1st_15849.csv,0.38807725575312135,0.6445070364758397,0.41249657612619495,0.6854651815509019,0.39584308297174503,0.9138326726476106,0.39999999999999963,0.4947412491867067,0.8197165825762378,2.3119566440582275
188_SMD_id_11_Facility_tr_500_1st_392.csv,0.4892224173113889,0.7865765080520969,0.4068402401788328,0.7639899539553471,0.5472513987729628,0.8881987577639747,0.666666666666666,0.49033418215189917,0.7452240079650276,1.3545377254486084
189_SMD_id_12_Facility_tr_5925_1st_17580.csv,0.8459068367098966,0.9884200617266037,0.7875983335463775,0.990060309575954,0.8417217439855834,0.9999999999999996,0.9999999999999993,0.5676156583629893,0.707497836896719,2.4978742599487305
190_SMD_id_13_Facility_tr_7119_1st_15849.csv,0.7586970623185326,0.9198728737249476,0.7185410173715759,0.9344360027617811,0.7506400091069807,0.9986991265564016,0.9433962264150939,0.5793553034290507,0.8474710540230536,4.843421697616577
191_SMD_id_14_Facility_tr_4596_1st_4696.csv,0.8221404442035528,0.9982705130214122,0.73879118946848,0.996932909606445,0.769225820812898,0.9225092250922503,0.7999999999999994,0.5813953488372093,0.6707693066102425,2.5976734161376953
192_SMD_id_15_Facility_tr_5925_1st_17580.csv,0.9647358839635225,0.9994960770521932,0.8917232791745693,0.9992105587250029,0.9584614578341223,0.9999999999999996,0.9999999999999993,0.9656461750598506,0.710964171234994,1.5901389122009277
194_SMD_id_17_Facility_tr_5925_1st_17580.csv,0.8691045328293777,0.9992185236798934,0.8930596080617652,0.9995437201261662,0.8636313999833319,0.9999999999999996,0.9999999999999993,0.8653693076287441,0.7845805880995774,2.355790853500366
195_SMD_id_18_Facility_tr_5925_1st_17580.csv,0.9825454097200388,0.9998314100713882,0.9365870734767875,0.9997194604920708,0.9573120748699399,0.9999999999999996,0.9999999999999993,0.9571300168040956,0.6679082799435018,2.052596092224121
196_SMD_id_19_Facility_tr_7174_1st_21230.csv,0.8310795674030184,0.9988852076316774,0.913642846564657,0.9996059420838019,0.7918502897461012,0.95049504950495,0.7272727272727267,0.8095797475842219,0.6929914352490311,3.0794410705566406
197_SMD_id_20_Facility_tr_5000_1st_15144.csv,0.674751003573785,0.9790379714823931,0.7434162513005377,0.9851593199182456,0.6580501918714683,0.9414204250907201,0.4705882352941172,0.6839378503256109,0.8370791619931238,1.9020073413848877
198_SMD_id_21_Facility_tr_5925_1st_17580.csv,0.8557668898326136,0.9986692212833836,0.8815576746375018,0.9993618257370288,0.8441876731506829,0.9999999999999996,0.9999999999999993,0.8472850678733033,0.9753465961041902,2.8106281757354736
199_SMD_id_22_Facility_tr_5925_1st_17580.csv,0.881374046447296,0.9967857103282043,0.8092459092197263,0.9966077483812714,0.8858082140096035,0.9999999999999996,0.9999999999999993,0.5256410256410257,0.6790223433344094,2.4051623344421387
201_SMD_id_24_Facility_tr_7174_1st_21230.csv,0.8499166448703009,0.9990587679021955,0.948182053250007,0.9997068623005201,0.8411968295887092,0.90566037735849,0.6153846153846148,0.7381240275109007,0.6919527525314997,3.093787431716919
202_SMD_id_25_Facility_tr_6250_1st_21230.csv,0.903812094963464,0.9997216895027113,0.8952687708496493,0.999787817731942,0.8301838234531081,0.9999999999999996,0.9999999999999991,0.8238404416624548,0.6721756570168546,2.6065828800201416
203_SMD_id_26_Facility_tr_7174_1st_21230.csv,0.8875050464339461,0.9992147242656051,0.9214734711760102,0.9994895543609903,0.8344621722723853,0.9846153846153841,0.8749999999999992,0.6920668105897058,0.6403498817478851,3.836414098739624
204_SMD_id_27_Facility_tr_5000_1st_15144.csv,0.6381079709979316,0.9777480777058176,0.7615449534716695,0.9867751747962551,0.6678881590825446,0.8513830285982179,0.4705882352941172,0.7135972356881273,0.817090144453912,3.837496519088745
205_SMD_id_28_Facility_tr_5925_1st_17580.csv,0.9567432641088807,0.9996936887212546,0.9683917865456376,0.9998627101182721,0.8846104512109452,0.9999999999999996,0.9999999999999993,0.8844689976915193,0.6545916860291374,2.398052453994751
206_SMD_id_29_Facility_tr_6250_1st_21230.csv,0.8629516386990486,0.9996256784577953,0.8904535928293347,0.9997780639702407,0.8148099863111922,0.9999999999999996,0.9999999999999991,0.8096149047658656,0.6806752484761565,2.642387866973877
207_SMD_id_30_Facility_tr_7174_1st_21230.csv,0.9072766967334177,0.9993322232075829,0.931266858704406,0.9995515579572924,0.8523759687366212,0.9846153846153841,0.8749999999999992,0.7060171474120109,0.6438617163164276,3.3402469158172607
208_SMD_id_31_Facility_tr_5000_1st_15144.csv,0.6817145083780052,0.9770752401310233,0.7816279133475384,0.9855616951227595,0.6485755478799727,0.9497907949790789,0.4705882352941172,0.800036563015652,0.8547497883992798,2.430575370788574
209_SMD_id_32_Facility_tr_5925_1st_17580.csv,0.5477862115769474,0.9923213751450427,0.5025885470046885,0.9927913176358274,0.6702948027297961,0.9999999999999996,0.9999999999999993,0.4122287968441815,0.6879746674118036,2.7486722469329834
211_SMD_id_34_Facility_tr_5925_1st_17580.csv,0.9205177361229255,0.9707988524276159,0.8534525983114302,0.9734737577313677,0.9411714842846085,0.9999999999999996,0.9999999999999993,0.7098401445175364,0.7914410135431174,2.6017541885375977
212_SMD_id_35_Facility_tr_5925_1st_17580.csv,0.9602074080408922,0.9994295908831632,0.9269157135509283,0.9995852527967886,0.9118491056343243,0.9999999999999996,0.9999999999999993,0.9157836349816135,0.5870125967979419,2.019251585006714
213_SMD_id_36_Facility_tr_5925_1st_17580.csv,0.8731337040042599,0.9991193220943565,0.9150028456240024,0.999576096815473,0.8214237308958715,0.9999999999999996,0.9999999999999993,0.8193384223918575,0.835243962280577,2.856735944747925
214_SMD_id_37_Facility_tr_5925_1st_17580.csv,0.9029142549691443,0.9992726096507313,0.930594034709093,0.999637643802723,0.8172540502488906,0.9999999999999996,0.9999999999999993,0.817258883248731,0.6321432034662,2.5349607467651367
215_SMD_id_38_Facility_tr_5925_1st_17580.csv,0.8383842897374338,0.9782782826094871,0.7815412015959506,0.9812314528390934,0.8218133278964375,0.9999999999999996,0.9999999999999993,0.642495784148398,0.6651360257078304,1.8580780029296875
216_LTDB_id_1_Medical_tr_500_1st_266.csv,0.3271179764021698,0.699697105199333,0.3419665853126588,0.691881218362752,0.3573062289567879,0.4316311260755701,0.1256544502617797,0.4197328953280019,0.7159529451843923,14.310142755508423
218_LTDB_id_3_Medical_tr_500_1st_266.csv,0.17638955874781567,0.5484741458413176,0.23227006085553076,0.5494707059372763,0.27066864983721445,0.3874192075734636,0.038377671173135265,0.36581108857544387,0.7002558536268273,14.68178677558899
219_LTDB_id_4_Medical_tr_3618_1st_3718.csv,0.8469945072510427,0.9802254968325465,0.9197031786178581,0.9901677021482592,0.8438993124327263,0.9332101793164947,0.38230958230958195,0.8497522294290009,0.806690164102091,15.611936807632446
220_LTDB_id_5_Medical_tr_500_1st_26.csv,0.6722588415264507,0.7986249890357768,0.7002950442927494,0.8309290063260166,0.6817704404990406,0.9442331269057868,0.4142259414225937,0.6578106929081651,0.8239412981940135,14.06674075126648
221_LTDB_id_6_Medical_tr_500_1st_26.csv,0.46427663491148247,0.6956515037706107,0.5401353140144908,0.7448080896409577,0.5691057966457793,0.7398545918686565,0.08589669181659881,0.5662848592415278,0.7966408889755898,17.21051573753357
222_LTDB_id_7_Medical_tr_3618_1st_3718.csv,0.9061347990639365,0.9878293126625741,0.9577035268939348,0.994704370989905,0.8822612447582785,0.9728182177175195,0.5636604774535804,0.9045459238608318,0.8578825189282263,16.221806049346924
223_LTDB_id_8_Medical_tr_4456_1st_4556.csv,0.6849429891897277,0.9424040958582794,0.7914390354039058,0.9659575330386474,0.6886773529159677,0.9005684302579794,0.23488881929220143,0.6593926678923302,0.7319584013727645,15.137951612472534
224_LTDB_id_9_Medical_tr_4456_1st_4556.csv,0.6866695287937357,0.9401803354997309,0.7582098690479571,0.9589858699261441,0.7068173791271333,0.8565006823107586,0.20429009193054104,0.7314538941075207,0.8068918792514054,15.986124277114868
225_MGAB_id_1_Synthetic_tr_25000_1st_38478.csv,0.39934052779786317,0.9738626753507014,0.4869072749361957,0.9772195564884092,0.5020871833948053,0.5139186295503207,0.20512820512820462,0.5660786503342575,0.6666677999137497,12.7763831615448
226_MGAB_id_2_Synthetic_tr_20000_1st_45134.csv,0.3996102133035778,0.938439143501127,0.36422290042120253,0.9439152503137518,0.5128155654652178,0.5161290322580641,0.3333333333333328,0.5752497635535455,0.6666718879755542,9.655837535858154
227_MGAB_id_3_Synthetic_tr_25000_1st_44340.csv,0.4650664305662264,0.9762183366733468,0.49630426972948555,0.9853959886509664,0.4897910870947191,0.4948453608247416,0.24999999999999953,0.5324817687509139,0.66668423831558,11.710695505142212
228_MGAB_id_4_Synthetic_tr_25000_1st_38948.csv,0.37728726450306677,0.9659084168336673,0.4623542828478457,0.9830203669236796,0.46621174219048817,0.47377326565143774,0.2142857142857138,0.5085339677650579,0.6666678077029407,11.656461715698242
229_MGAB_id_5_Synthetic_tr_25000_1st_33098.csv,0.4432860045699688,0.996195490981964,0.5984590380348475,0.9975220842104505,0.561832885951591,0.5724508050089441,0.24489795918367296,0.6314116227375616,0.6666735686060811,12.115407943725586
231_MGAB_id_7_Synthetic_tr_25000_1st_35544.csv,0.5285685154156347,0.9855906813627254,0.6033358933023076,0.9928408877190417,0.5553557223140412,0.5643738977072306,0.3870967741935479,0.6446253663402116,0.6666684690339997,12.080828428268433
232_MGAB_id_8_Synthetic_tr_25000_1st_32708.csv,0.4211391752823384,0.9804870741482966,0.4654588653953297,0.9907802157910922,0.5238045407937437,0.5361930294906161,0.22222222222222177,0.5653495770972743,0.666666588054113,12.211486101150513
233_MGAB_id_9_Synthetic_tr_25000_1st_41300.csv,0.2758547477587504,0.9578924348697396,0.5040009183867704,0.9626902682560273,0.3715127529750303,0.3749999999999995,0.18181818181818163,0.4907946345990819,0.6666740286707553,13.935186386108398
234_SED_id_1_Medical_tr_3740_1st_3840.csv,0.5033129550767059,0.9591672575590455,0.6928315536150308,0.9737726368500174,0.553283065433108,0.6320987654320982,0.19047619047619005,0.6248720871230227,0.675678986499029,2.4067394733428955
236_SED_id_3_Medical_tr_3740_1st_3840.csv,0.48851842506372967,0.973235966786703,0.7224467522858307,0.9828438523967769,0.5405470058865113,0.581337737407101,0.21649484536082428,0.6025645992517751,0.6782996814348105,5.061771631240845
237_SVDB_id_1_Medical_tr_11587_1st_11687.csv,0.8087624134273939,0.970655351456256,0.8227022801097897,0.9840056892022637,0.8829350628392577,0.9818616703209083,0.2295081967213112,0.6602495291343868,0.6998153934857688,22.63956046104431
238_SVDB_id_2_Medical_tr_25000_1st_71963.csv,0.9520334555034959,0.9995820265706233,0.902919746427196,0.9994590389921264,0.8734760635703183,0.9999999999999996,0.9999999999999993,0.638195004029009,0.666740306370019,13.765478372573853
239_SVDB_id_3_Medical_tr_50000_1st_106634.csv,0.8193641325701195,0.9918789871305622,0.7798341607738167,0.9915056042516124,0.7925145161607726,0.9191844024408388,0.7441860465116273,0.7793171940853747,0.6712207264770023,44.57912731170654
240_SVDB_id_4_Medical_tr_18462_1st_18562.csv,0.6852174477269295,0.9621471483184765,0.7201927564819184,0.975596359073088,0.6781896795013563,0.8084792082133091,0.37647058823529383,0.6662518602484625,0.7080512639927141,21.22973895072937
241_SVDB_id_5_Medical_tr_11587_1st_11687.csv,0.939696942921924,0.9847976568797053,0.9527705419440597,0.9950467264459765,0.9336200947311027,0.997418375094912,0.9199999999999995,0.7544873690011812,0.6874978146439814,22.311128854751587
243_SVDB_id_7_Medical_tr_11393_1st_11493.csv,0.758013689837475,0.9846670729540195,0.8181398256814865,0.9927901550575619,0.6742857077527501,0.9580699724027415,0.7064220183486234,0.7294953523685377,0.6682191276437452,32.056148290634155
244_SVDB_id_8_Medical_tr_17803_1st_17903.csv,0.9199987594925197,0.997381880688101,0.9644901703355183,0.9990368568675548,0.8519950130002127,0.9166890620800855,0.7171717171717167,0.8303530502813019,0.6867421624655682,19.74319362640381
245_SVDB_id_9_Medical_tr_12607_1st_12707.csv,0.8237519998993773,0.9834032577429423,0.902869442710027,0.9905315946404936,0.7969221651073995,0.9042675893886961,0.39264367816091916,0.8065033770734766,0.7969395707399193,29.381023168563843
246_SVDB_id_10_Medical_tr_20100_1st_68460.csv,0.20024012201577165,0.9762906680724657,0.20060557333533424,0.9761990656753963,0.32518922547186957,0.4427586206896547,0.33333333333333304,0.4249245732808947,0.6708399537951365,10.674575090408325
247_SVDB_id_11_Medical_tr_20100_1st_23611.csv,0.8280286321373466,0.9962623414338222,0.8257337569351553,0.9976371397270151,0.7485556795336341,0.7759067357512949,0.7692307692307687,0.7435606969857659,0.7506706092371486,11.017145156860352
248_SVDB_id_12_Medical_tr_18462_1st_18562.csv,0.880254317181107,0.9830971461965642,0.9070940722697768,0.9877588482101717,0.7932300476534717,0.9238792160820922,0.829629629629629,0.8309112372122834,0.7253848666418168,19.75685977935791
249_SVDB_id_13_Medical_tr_50000_1st_54982.csv,0.6125324459595828,0.9574872063752125,0.649681956906888,0.9701457476776854,0.5933107061771377,0.7103045393602752,0.346570397111913,0.6487071898361716,0.6772893262098186,43.23660445213318
250_SVDB_id_14_Medical_tr_50000_1st_107354.csv,0.7029541789581331,0.9890177321952778,0.5824460828349277,0.965761486774571,0.8106695554624879,0.9458816304598137,0.07256235827664388,0.5065268298323224,0.6872967397864331,43.4001247882843
251_SVDB_id_15_Medical_tr_5421_1st_5521.csv,0.9693047899109788,0.9979168620286558,0.9879313404668236,0.9994104112352118,0.9060368283738951,0.970084822780975,0.9426751592356682,0.8702366695742982,0.6784008001920065,43.42352557182312
253_SVDB_id_17_Medical_tr_17803_1st_17903.csv,0.9350998635953423,0.9977335476627386,0.9600286436640735,0.9989540969502023,0.853224921555279,0.9147034930950442,0.8924731182795693,0.8505723715527037,0.686752536710416,19.067715167999268
254_SVDB_id_18_Medical_tr_30824_1st_30924.csv,0.5033351925581396,0.9443030513970996,0.572692774922881,0.9754804210923949,0.6099924134421528,0.783211897394949,0.18320610687022854,0.5985694783052828,0.6864738442359476,45.012890100479126
255_SVDB_id_19_Medical_tr_50000_1st_54982.csv,0.44426253356066725,0.9521353947034035,0.4924196458357543,0.9706711791862929,0.523285582410597,0.6491800500021181,0.15141955835962104,0.5590845669951273,0.6772892063508186,46.188573122024536
256_SVDB_id_20_Medical_tr_6264_1st_6364.csv,0.5717455174891914,0.8155066503160338,0.691634141435881,0.8977748818727074,0.6372678339166995,0.9467417329968285,0.36867469879518033,0.6865315100884347,0.6710462065258872,41.1157648563385
257_TAO_id_1_Environment_tr_500_1st_3.csv,0.14312933393270202,0.6094101612489808,0.9100674368276913,0.9375064242901551,0.2089161464004746,0.20919014978420883,0.1870198675496685,0.16375471529321242,0.5646846987321055,1.5825138092041016
258_TAO_id_2_Environment_tr_500_1st_4.csv,0.18094546522547494,0.5892501429099836,0.9501976699756522,0.9622905281082568,0.26591373940057295,0.266343207354443,0.23881106935428736,0.2052486720308869,0.5724737533708747,1.7256178855895996
260_IOPS_id_1_WebService_tr_5000_1st_11804.csv,0.9999999999999999,1.0,0.2651121474222908,0.9985107045743055,0.9999950000249999,0.9999999999999993,0.9999999999999991,1.0,0.6764706293170611,2.1358628273010254
261_IOPS_id_2_WebService_tr_2178_1st_2278.csv,0.5039687038723087,0.9644186223133592,0.5684826974870973,0.9718337598071024,0.6666622222518517,0.6666666666666661,0.6666666666666657,0.4615384615384615,0.666662431322445,1.107172966003418
262_IOPS_id_3_WebService_tr_7028_1st_7128.csv,0.528622235036944,0.9456203993226181,0.3845021475218467,0.9462258577483251,0.5546719272940495,0.7713966480446922,0.1939393939393935,0.2928575570173486,0.8909481369894426,16.916390895843506
263_IOPS_id_4_WebService_tr_3482_1st_3582.csv,0.20883279633525248,0.978266476548191,0.48624240217874576,0.9565820030230309,0.34721094885239234,0.38922972051806365,0.0787824529991046,0.35115773054815747,0.6915266294365751,28.592930793762207
264_IOPS_id_5_WebService_tr_11665_1st_11765.csv,0.1655247097293415,0.6115022218873544,0.17511823876967123,0.618990245558556,0.2746672138613249,0.996681415929203,0.7272727272727267,0.7242776440519094,0.6693467891324016,7.708845376968384
266_IOPS_id_7_WebService_tr_4010_1st_4110.csv,0.7280334351605469,0.9818574309303965,0.7865244394550664,0.9905540160104843,0.7334254625883894,0.970920287375983,0.6974358974358968,0.7921598411400425,0.6845885132364611,12.247014045715332
267_IOPS_id_8_WebService_tr_1534_1st_1882.csv,0.02010103456350048,0.8004589076138355,0.16085709803438308,0.8600614257370823,0.05334623466724787,0.06007905138339912,0.010752688172043001,0.12865497076023394,0.6666931252894233,0.6846787929534912
268_IOPS_id_9_WebService_tr_6216_1st_6316.csv,0.45465656284799894,0.9537784312215449,0.5805881216242481,0.9671232032550198,0.5246037402666813,0.9346295675494463,0.26315789473684176,0.6386495824962647,0.6941467313991976,3.1284422874450684
269_IOPS_id_10_WebService_tr_1216_1st_1728.csv,0.8134055537719259,0.9958565115894811,0.8129439271182054,0.9973238047761618,0.7749952531540745,0.9999999999999996,0.9999999999999993,0.9086294416243655,0.673158437857165,0.4808199405670166
271_IOPS_id_12_WebService_tr_500_1st_341.csv,0.23673876269509567,0.6582266521330936,0.22346291889311307,0.6616703556033647,0.3561611184386403,0.36619718309859123,0.333333333333333,0.17808219178082194,0.699361900889844,1.042367935180664
272_IOPS_id_13_WebService_tr_3442_1st_3542.csv,0.16883825425639412,0.9429898140041587,0.49352531925259735,0.9496741187531766,0.3377666124221102,0.35893754486719265,0.08333333333333308,0.325589355928051,0.7131091188673081,29.984078407287598
273_IOPS_id_14_WebService_tr_5569_1st_5669.csv,0.06896148554728598,0.7596731703215549,0.4613734934473889,0.9581552468331713,0.1880976329977477,0.19978517722878592,0.06410256410256361,0.30305742128382124,0.6855220041497363,26.854752779006958
274_IOPS_id_15_WebService_tr_4591_1st_4691.csv,0.45893982469918726,0.8948164320383847,0.5590155875212295,0.8798305109798505,0.47771483022943356,0.7474374054780704,0.2159999999999996,0.43388567073478645,0.6988524541891574,27.01888394355774
275_IOPS_id_16_WebService_tr_1482_1st_1582.csv,0.013419009202693748,0.6537260981243828,0.23566833332951154,0.7588649214917558,0.06666183507241215,0.06956521739130388,0.0399999999999997,0.05925925925925926,0.6684413858655266,1.1373765468597412
276_IOPS_id_17_WebService_tr_19197_1st_19297.csv,0.8495719087582955,0.9975003950451579,0.7920410922866672,0.965494880588674,0.9280253059956856,0.9459301190708563,0.24615384615384578,0.5680981427645723,0.705672926067014,15.809183835983276
277_NEK_id_1_WebService_tr_500_1st_17.csv,0.8164164693845125,0.9805029995385326,0.9581734997195624,0.996299985398797,0.7719250846705327,0.8789808917197446,0.7499999999999992,0.677430851503487,0.8554552501596322,0.08563375473022461
278_NEK_id_2_WebService_tr_500_1st_64.csv,0.7935621531084385,0.9823717948717948,0.8791727426562399,0.9892986755909557,0.7065171698074344,0.744827586206896,0.5333333333333327,0.6671746031746032,0.8519462448206122,0.11208653450012207
279_NEK_id_3_WebService_tr_500_1st_974.csv,0.769647229177351,0.9896824153443298,0.9086033206292776,0.9959309349228052,0.9333283555821035,0.9891304347826082,0.7999999999999994,0.9333333333333333,0.7987972389698021,0.1155099868774414
281_NEK_id_5_WebService_tr_500_1st_974.csv,0.7948732285366008,0.9876903553299492,0.8893567995718221,0.9939727705511693,0.916661701415784,0.9999999999999996,0.9999999999999993,0.9166666666666666,0.7678709810105047,0.11264610290527344
282_NEK_id_6_WebService_tr_500_1st_64.csv,0.43024224857904564,0.9073864529310074,0.5033426213045344,0.9079962911708802,0.4955702874639522,0.5137614678899076,0.2666666666666664,0.5137173924025434,0.880273177536772,0.11538362503051758
283_NEK_id_7_WebService_tr_500_1st_777.csv,0.8161819996931055,0.9912119622245541,0.9391310281568391,0.996140685300332,0.9486116140179974,0.9677419354838704,0.6363636363636358,0.9613999961496256,0.9056136112669565,0.11606073379516602
284_NEK_id_8_WebService_tr_500_1st_976.csv,0.8216171253106546,0.9885585091805974,0.9223149857640166,0.9952029080122321,0.9128155508488005,0.9999999999999996,0.9999999999999993,0.9128205128205129,0.935252991004063,0.11713242530822754
285_NEK_id_9_WebService_tr_500_1st_780.csv,0.7433718873061248,0.9858376511226252,0.8977830252275735,0.993397383522505,0.9113874443468218,0.9350649350649346,0.444444444444444,0.9422804866547204,0.8754579167711972,0.11436057090759277
286_CATSv2_id_1_Sensor_tr_17792_1st_17892.csv,0.5324572988596562,0.7358166417118381,0.3560104603744493,0.7282173361394292,0.6189985054250745,0.6697395894890276,0.21890547263681542,0.4452325837812946,0.6940093977767684,56.38272428512573
287_TODS_id_1_Synthetic_tr_500_1st_11.csv,0.09377756598170915,0.6233528097736318,0.8664842832282196,0.918231127971543,0.14678579640400213,0.14678899082568775,0.138306138306138,0.21128469410058,0.6703808617549312,0.4123051166534424
288_TODS_id_2_Synthetic_tr_500_1st_65.csv,0.6921602308929289,0.8482391943930405,0.7041964305142141,0.8357246055690072,0.7217187471024502,0.7434944237918211,0.09205020920502055,0.1294991311819358,0.6715489088672207,0.4411346912384033
289_TODS_id_3_Synthetic_tr_500_1st_26.csv,0.19667541933789343,0.6986201279813844,0.7337820570102433,0.849424900696778,0.27752804012577187,0.29890109890109845,0.12063492063492014,0.15709187766051472,0.6720991404767995,0.48771095275878906
290_TODS_id_4_Synthetic_tr_500_1st_26.csv,0.6413631728250572,0.8873005503939654,0.6972256884047147,0.8120081658409908,0.6864938575472969,0.7481296758104733,0.10655737704917985,0.17621671524053306,0.6729901749876691,0.44431042671203613
292_TODS_id_6_Synthetic_tr_500_1st_11.csv,0.07547523579567467,0.5840821939737032,0.848344610954116,0.9108970410239952,0.12196818572230814,0.12197159565580584,0.11544991511035621,0.1592232526321076,0.6733216354271124,0.4041402339935303
293_TODS_id_7_Synthetic_tr_500_1st_7.csv,0.23973621068884132,0.830838784260725,0.6464279463986556,0.9118099213457876,0.32823992763884624,0.3501945525291825,0.1538461538461534,0.43608938048600987,0.6684427817461657,0.5064218044281006
294_TODS_id_8_Synthetic_tr_500_1st_200.csv,0.832496640508685,0.9632023232455565,0.7426593375636587,0.9225864597944313,0.749513305968492,0.8791208791208787,0.5217391304347822,0.585847719620842,0.8217652024458241,0.48000645637512207
295_TODS_id_9_Synthetic_tr_1250_1st_2046.csv,0.35559181873502177,0.8984459647366373,0.48222060049934723,0.8943421767885014,0.4646105846649735,0.7930607187112758,0.17777777777777748,0.5754762962661614,0.7279894729404667,0.5217275619506836
296_TODS_id_10_Synthetic_tr_500_1st_26.csv,0.10837370709152624,0.6444136453580598,0.7667324137529988,0.86889308112886,0.15305792793439135,0.16271186440677932,0.09417596034696374,0.0984027932508906,0.668215367774795,0.4109330177307129
297_TODS_id_11_Synthetic_tr_500_1st_7.csv,0.18211996634742572,0.7848102221562265,0.4893651335266814,0.844677892186357,0.2868807396046613,0.3328748280605222,0.10352941176470568,0.3812571927351043,0.7455177011663364,0.5428071022033691
298_TODS_id_12_Synthetic_tr_500_1st_0.csv,0.6919120649507885,0.9017124481196336,0.7192782715211403,0.8445170485736859,0.6772862596141125,0.7633587786259536,0.1476510067114089,0.19485907208668746,0.6680485110221219,0.5477030277252197
299_TODS_id_13_Synthetic_tr_500_1st_65.csv,0.2023827276284501,0.8088270082386041,0.7317691988865554,0.8554257205450985,0.36033051159298607,0.5566502463054182,0.11671087533156457,0.19664121349587022,0.6721314165853659,0.5160939693450928
301_TODS_id_15_Synthetic_tr_500_1st_245.csv,0.49557889108311654,0.8550682820553696,0.6643930600179262,0.9149992132503809,0.47681623715609983,0.7006369426751587,0.33333333333333304,0.5333475851876625,0.7639517991177848,0.4962759017944336
302_Power_id_1_Facility_tr_7685_1st_7785.csv,0.07766705574080963,0.49135109238451935,0.08325142554946302,0.5031438323068234,0.16738742191218914,0.4296763105127467,0.008823529411764671,0.2416271723054842,0.6802857147031997,3.9371519088745117
304_UCR_id_2_Medical_tr_2499_1st_7000.csv,0.10958639271569856,0.979923602734218,0.12062332424611355,0.9800239701253806,0.22784477207591983,0.5128205128205124,0.05940594059405934,0.2895622895622896,0.6666984064753467,0.9971787929534912
309_UCR_id_7_Medical_tr_3000_1st_5948.csv,0.9995169082125605,0.999998141177564,0.997338248863242,0.9999945446230766,0.9890059896400524,0.9999999999999996,0.9999999999999991,0.9782608695652174,0.6666684722017219,1.3885235786437988
326_UCR_id_24_Medical_tr_1875_1st_4187.csv,0.8238921957671959,0.9997218142164063,0.9419754999355318,0.9998798276942197,0.7999952000287999,0.9999999999999993,0.9999999999999991,0.8,0.6666633597215208,0.9729337692260742
346_UCR_id_44_Medical_tr_7456_1st_17390.csv,0.5021659180444961,0.6286285643236075,0.330552867587051,0.6653168390898014,0.6010318720287369,0.9999999999999996,0.9999999999999993,0.6940138168115558,0.6666560968718866,3.821951389312744
361_UCR_id_59_Medical_tr_3000_1st_7175.csv,0.8177062632103059,0.9968314738406401,0.9360940564387771,0.9990252195015105,0.8192259326468977,0.9999999999999996,0.9999999999999993,0.8160919540229885,0.6693417881419247,1.3620245456695557
371_UCR_id_69_Medical_tr_1853_1st_6200.csv,0.8593351653623855,0.9963642268501602,0.9539052492287713,0.9989917432342735,0.7723292960152013,0.9999999999999996,0.9999999999999993,0.791572700296736,0.6714947176562908,0.9207911491394043
382_UCR_id_80_Medical_tr_7500_1st_11800.csv,0.7663780920313074,0.9943943883277216,0.7203367942686411,0.9943505903842281,0.6963140502443376,0.9999999999999996,0.9999999999999993,0.7352445193929175,0.6667066650667307,3.922147035598755
391_UCR_id_89_Medical_tr_1875_1st_5759.csv,0.8717414879386998,0.9968162465940055,0.9558050348303047,0.9990864275688003,0.798000191569921,0.9999999999999996,0.9999999999999993,0.7947766881764137,0.667160736971652,0.9207637310028076
396_UCR_id_94_Medical_tr_1875_1st_5607.csv,0.7311062076968027,0.999058464404999,0.948841280750065,0.9998507995931354,0.7605586669603737,0.9999999999999996,0.9999999999999991,0.7450508585803346,0.6666679806720943,0.8686351776123047
415_UCR_id_113_Medical_tr_3000_1st_8612.csv,0.979032427270313,0.999799544772645,0.9925880085987367,0.9999565850960688,0.9025591248137779,0.9999999999999996,0.9999999999999993,0.9202040529788926,0.6666956040208502,1.639418125152588
436_UCR_id_134_Medical_tr_1875_1st_4526.csv,0.6400271160579102,0.9987284165439702,0.9391454258273084,0.9997996815594701,0.7594889601317663,0.9999999999999996,0.9999999999999991,0.7455537946821623,0.6666693314054432,0.8712294101715088
437_UCR_id_135_Medical_tr_2499_1st_8000.csv,0.5401103690639704,0.9988689461546175,0.4888089481809319,0.9985431604489685,0.6756712016366379,0.9615384615384609,0.7499999999999992,0.6666666666666666,0.6667538128276896,1.040750503540039
307_UCR_id_5_Facility_tr_29895_1st_39240.csv,0.0005711656961322471,0.32028965872697046,0.0007140176054959042,0.3849526179621054,0.002154207839231867,0.0032269992268647647,0.0001348754088410829,0.007077456034931047,0.666662508696893,15.06722354888916
331_UCR_id_29_Facility_tr_50000_1st_837400.csv,0.001989455836170069,0.5351735389068241,0.0020609067101094265,0.543738440897554,0.004315861601225751,0.19936671748563367,0.0008780916142250831,0.005290811970858834,0.6711066659692209,158.49608898162842
332_UCR_id_30_Facility_tr_13750_1st_52600.csv,0.9849914576528594,0.9999348540145986,0.9419764972632345,0.9998762650704164,0.9361652331636534,0.9999999999999996,0.9999999999999993,0.9466913280633343,0.6667973691106567,9.282071590423584
349_UCR_id_47_Facility_tr_29954_1st_74900.csv,0.0006214308775625222,0.35592123763465117,0.0008061376284298035,0.37601669260794374,0.002394827150603837,0.0026015907643527837,0.00010867055163888763,0.010722233461460652,0.6666625075553033,15.062769651412964
358_UCR_id_56_Facility_tr_10500_1st_29080.csv,0.010228870707999986,0.9339131298680654,0.011603401201362565,0.9340283009555845,0.028307710242228973,0.05899705014749257,0.003124999999999997,0.21359223300970875,0.8246438280559639,4.611088752746582
406_UCR_id_104_Facility_tr_20000_1st_67950.csv,0.6496808746902131,0.9961424952978057,0.35341350830515045,0.9955342619198668,0.6519560385774134,0.9999999999999996,0.9999999999999993,0.7006237006237006,0.6574145605631089,16.787689924240112
419_UCR_id_117_Facility_tr_3000_1st_6168.csv,0.9863826203529255,0.9999467745369385,0.9926328963755211,0.9999844112358703,0.9263108166471948,0.9999999999999996,0.9999999999999991,0.9320388349514563,0.666668197513798,1.673004388809204
420_UCR_id_118_Facility_tr_13750_1st_52600.csv,0.898624324510475,0.9995883211678832,0.8908185378299435,0.9996923795626691,0.8080759922743894,0.9999999999999996,0.9999999999999993,0.8071801952855312,0.6628841670859668,9.440173625946045
432_UCR_id_130_Facility_tr_23000_1st_26970.csv,0.04750379998595465,0.968990149036714,0.059553143259947657,0.9690556686285389,0.14344425398702673,0.1988071570576539,0.004118616144975283,0.3216710182767625,0.6666833321721326,22.111066102981567
452_UCR_id_150_Facility_tr_10000_1st_35774.csv,0.952576639418938,0.9998689223057644,0.8289862584956208,0.9996548684986709,0.8583641990369754,0.9999999999999996,0.9999999999999993,0.8590551489295081,0.6670332731358377,5.579823970794678
471_UCR_id_169_Facility_tr_10000_1st_35774.csv,0.9885901854879433,0.9999696741854637,0.7809906118818156,0.9995580129878893,0.9289049662224949,0.9999999999999996,0.9999999999999993,0.940677966101695,0.6666196663662065,5.598133563995361
494_UCR_id_192_Facility_tr_22500_1st_72150.csv,0.3746346262077232,0.9900416976833094,0.28277751994632855,0.9919588620882974,0.4939225804193093,0.9999999999999996,0.9999999999999993,0.42752962625341845,0.6858312905822128,11.284043073654175
500_UCR_id_198_Facility_tr_7482_1st_23357.csv,0.022306205335748307,0.7494004073059567,0.023747286670095093,0.750800994740544,0.07030568092932665,0.1058201058201057,0.0016409583196586787,0.23012077670766698,0.6667243551074428,5.5789713859558105
517_UCR_id_215_Facility_tr_7482_1st_24005.csv,0.3779327255522669,0.9979379937558376,0.37775905427679135,0.9978618109752699,0.5326039319896766,0.8622754491017959,0.20689655172413773,0.5108695652173914,0.6666647940550704,5.435034990310669
525_UCR_id_223_Facility_tr_50000_1st_250720.csv,0.07901381945568543,0.8286980420796026,0.06794957241663926,0.8345232379544995,0.22024832168956562,0.9447674418604646,0.11627906976744172,0.29310344827586204,0.6595307602740011,77.5108048915863
310_UCR_id_8_HumanActivity_tr_2631_1st_8285.csv,0.27443108932159826,0.9609777015437393,0.21413124579716086,0.9730847606864675,0.3673421908152208,0.9999999999999996,0.9999999999999991,0.4796905222437137,0.6671165789455279,1.1471035480499268
311_UCR_id_9_HumanActivity_tr_16000_1st_38400.csv,0.637771066550273,0.9868097310126582,0.6053798870347559,0.9887087031433172,0.5630582655135574,0.9999999999999996,0.9999999999999993,0.4633115635804841,0.6753127420234379,7.488517761230469
315_UCR_id_13_HumanActivity_tr_16000_1st_33070.csv,0.13623366009951451,0.994381963317634,0.1688004430435703,0.995423863502572,0.29535508558841866,0.5626598465473142,0.04469273743016755,0.3070630651929783,0.6752096635035167,7.48380708694458
334_UCR_id_32_HumanActivity_tr_1671_1st_2764.csv,0.017708694715784196,0.02594786276794645,0.020740655822836865,0.07084767916880617,0.06681063403864364,0.07984790874524707,0.0015003750937734417,0.06670245234932476,0.660692124485256,0.8392500877380371
341_UCR_id_39_HumanActivity_tr_48812_1st_128430.csv,5.359171686424146e-06,0.04432289025808067,1.2589758761352782e-05,0.07151853309694346,1.0718178750500697e-05,1.0718285931713788e-05,1.0718285931713788e-05,1.555294611681818e-05,0.6646596756959946,36.89482545852661
355_UCR_id_53_HumanActivity_tr_48750_1st_143411.csv,0.9961983087484093,0.9999979989738328,0.2034909539522126,0.9983977786397233,0.9615334689608341,0.9999999999999996,0.9999999999999993,0.9618873151333721,0.6623560743498139,35.42438006401062
381_UCR_id_79_HumanActivity_tr_16000_1st_31200.csv,0.5530541562884406,0.973553129743185,0.5031861715739646,0.983577171640842,0.5154100236388623,0.9999999999999996,0.9999999999999993,0.42691190706679577,0.6762287522123532,8.617126226425171
401_UCR_id_99_HumanActivity_tr_1671_1st_5920.csv,0.9706063037684942,0.9997313719219699,0.98848798525429,0.9999314085181013,0.9076873503229328,0.9999999999999996,0.9999999999999991,0.9076923076923077,0.7596663617046525,0.856447696685791
421_UCR_id_119_HumanActivity_tr_48750_1st_130700.csv,0.05187662709231532,0.8580480841038951,0.05488106845176467,0.8631045240410113,0.14226264659651436,0.6758304696449022,0.010489510489510478,0.15942028985507248,0.6620270146911403,36.188456773757935
430_UCR_id_128_HumanActivity_tr_12500_1st_46500.csv,0.2066828149984662,0.8604005365526493,0.24643171128673438,0.886052458561216,0.4707511666134662,0.8241758241758236,0.07246376811594195,0.5173745173745173,0.6752230980266059,6.917889595031738
439_UCR_id_137_HumanActivity_tr_48750_1st_110800.csv,0.5,0.9999948717685732,0.6595932761403602,0.9993385311011105,0.6666622222518517,0.6666666666666657,0.6666666666666657,0.5,0.666780039479,35.57391571998596
459_UCR_id_157_HumanActivity_tr_50000_1st_110260.csv,0.2626414373075101,0.998251928044261,0.17959316211357004,0.9980401542577706,0.44650705726690604,0.8539325842696623,0.1333333333333332,0.4973544973544973,0.6612245364196659,23.933506727218628
473_UCR_id_171_HumanActivity_tr_2617_1st_7290.csv,0.526984126984127,0.9996176639265916,0.3989992326675663,0.9987743742430285,0.5999958000293997,0.9230769230769225,0.7999999999999992,0.6,0.6643165656995652,1.1433093547821045
516_UCR_id_214_HumanActivity_tr_2108_1st_4702.csv,1.0,1.0,0.5178773039794539,0.9990269733490653,0.9999950000249999,0.9999999999999993,0.9999999999999983,1.0,0.6656491643447567,0.9254665374755859
530_UCR_id_228_HumanActivity_tr_16250_1st_38500.csv,0.22314063107094462,0.9772583204533746,0.26364276880372306,0.9849154427354729,0.3930767770894175,0.8310249307479219,0.07575757575757569,0.48418156808803303,0.6727457450925387,7.845537185668945
319_UCR_id_17_Environment_tr_6166_1st_19280.csv,0.32430376654019566,0.9205959011710941,0.2043202962034268,0.9244549838586176,0.3736974797411369,0.9999999999999996,0.9999999999999993,0.41897233201581024,0.6796585617756672,2.649735450744629
385_UCR_id_83_Environment_tr_2046_1st_6006.csv,0.2534851845220514,0.9309447722058342,0.3423548813088361,0.9511935768264697,0.4358927022210317,0.9999999999999996,0.9999999999999991,0.5216931216931217,0.681348326849073,0.8505234718322754
387_UCR_id_85_Environment_tr_2046_1st_5549.csv,0.8171102181934061,0.9945970583415273,0.8244136385954275,0.9966806788819117,0.8292634384579212,0.9999999999999996,0.9999999999999991,0.8571428571428571,0.6870087293316346,0.8506171703338623
393_UCR_id_91_Environment_tr_2046_1st_4852.csv,0.23505604638065752,0.9695847672894133,0.31112724792569746,0.9755507514294243,0.3620641142148244,0.9795918367346933,0.7499999999999992,0.4444444444444445,0.6797091517272429,0.8444912433624268
400_UCR_id_98_Environment_tr_2046_1st_5391.csv,0.038461538461538464,0.9969448857387266,0.12547354205522232,0.9981751904289297,0.07407336077504438,0.07407407407407399,0.07407407407407399,0.2857142857142857,0.6687910878075112,0.8577578067779541
411_UCR_id_109_Environment_tr_2046_1st_4852.csv,0.33147535776216464,0.9685938012127171,0.3855470183818435,0.9743554302118413,0.44736376736142935,0.989690721649484,0.8571428571428564,0.5382096069868996,0.685725062160726,0.8518955707550049
445_UCR_id_143_Environment_tr_6166_1st_19280.csv,0.4010275476033557,0.9004412004733342,0.2753149810134144,0.9079618272498888,0.4602466203748333,0.9999999999999996,0.9999999999999993,0.44054580896686163,0.6580050738996953,2.879190683364868
463_UCR_id_161_Environment_tr_2046_1st_6006.csv,0.2401377659992721,0.9341890978367748,0.3046054261898036,0.9516475196772131,0.39999539205308354,0.9999999999999996,0.9999999999999991,0.48021108179419525,0.6669839477181596,0.8509328365325928
467_UCR_id_165_Environment_tr_6166_1st_19280.csv,0.45407883205120925,0.9113222752682907,0.3102721110452526,0.9181430771955487,0.4959304118336219,0.9999999999999996,0.9999999999999993,0.4905660377358491,0.6603223931275838,2.932351589202881
474_UCR_id_172_Environment_tr_2046_1st_6520.csv,0.09223593083576498,0.9803921568627452,0.14840436047653388,0.9865184982000342,0.17543618347424836,0.7384615384615378,0.260869565217391,0.2580645161290323,0.6689800069792254,0.848358154296875
495_UCR_id_193_Environment_tr_2046_1st_6520.csv,0.17848779088056282,0.9861468545751634,0.26391439901953406,0.9910372917939496,0.36619270785076435,0.8421052631578942,0.39999999999999963,0.39999999999999997,0.675254563907711,0.8548531532287598
496_UCR_id_194_Environment_tr_2046_1st_5391.csv,0.043478260869565216,0.9973114994500795,0.15794421856620722,0.9982405720985956,0.08333253472987551,0.08333333333333325,0.08333333333333325,0.4,0.6922145211150795,0.8739252090454102
499_UCR_id_197_Environment_tr_2046_1st_5703.csv,0.12342994269925076,0.9873468137254903,0.1313338488036947,0.9878695941400146,0.2413744590749112,0.6575342465753419,0.193548387096774,0.4444444444444445,0.6945917333536177,0.8540663719177246
504_UCR_id_202_Environment_tr_2046_1st_5549.csv,0.7257130371329187,0.9921977425434284,0.6726942416326561,0.9939598373008439,0.769226035532089,0.9999999999999996,0.9999999999999991,0.8118811881188119,0.6874098694983194,0.8679172992706299
506_UCR_id_204_Environment_tr_2046_1st_5549.csv,0.8636422443692546,0.997521304490331,0.8522260605982754,0.9984808653471817,0.8292634384579212,0.9999999999999996,0.9999999999999991,0.8571428571428571,0.6809781816965546,0.8515939712524414
313_UCR_id_11_Sensor_tr_2827_1st_4711.csv,0.8749197884390243,0.9989513735913634,0.9644055485136636,0.9997704869254215,0.8609816204106642,0.9999999999999996,0.9999999999999993,0.8596491228070176,0.6666956022042749,1.156456708908081
316_UCR_id_14_Sensor_tr_2833_1st_5988.csv,0.9514032600758289,0.999599995963262,0.9749672457194865,0.9998535150067985,0.884610407295017,0.9999999999999996,0.9999999999999993,0.8889430411934226,0.6670350559122992,1.235945463180542
339_UCR_id_37_Sensor_tr_2750_1st_5400.csv,0.7128715254173619,0.9001805555555557,0.7573157369537368,0.9340914756815075,0.7374582887692205,0.9999999999999996,0.9999999999999993,0.79302344187535,0.6668091293573902,1.2372472286224365
344_UCR_id_42_Sensor_tr_2851_1st_5365.csv,0.003880078753388256,0.8260556579755948,0.007564194080170795,0.856093165793483,0.013556123830274835,0.017910447761194007,0.0024257125530624596,0.04171240395170143,0.6666629909070478,1.3054733276367188
364_UCR_id_62_Sensor_tr_2833_1st_5988.csv,0.8741550453154566,0.9963531742063452,0.9470982108543572,0.9992741527632576,0.8599950045290172,0.9999999999999996,0.9999999999999993,0.8705312568142954,0.6666947746120991,1.3253872394561768
369_UCR_id_67_Sensor_tr_2750_1st_5400.csv,0.5750589930216479,0.9368124999999999,0.6552393687132455,0.9562340020401846,0.5705833910445878,0.9999999999999996,0.9999999999999993,0.633770416379112,0.6673334634866638,1.2697429656982422
373_UCR_id_71_Sensor_tr_2827_1st_5988.csv,0.12406665751134875,0.972417553820024,0.1331332775808859,0.9723558528082512,0.28257198654794075,0.5052083333333329,0.040404040404040366,0.381139489194499,0.66767681036474,1.2768137454986572
405_UCR_id_103_Sensor_tr_2827_1st_5988.csv,0.4001661931597512,0.9945083391036234,0.4730269428232529,0.9944791226291703,0.6764659994364048,0.8083333333333328,0.148148148148148,0.657243816254417,0.666694924473009,1.1550161838531494
417_UCR_id_115_Sensor_tr_2750_1st_5400.csv,0.6850443256715856,0.9094291666666665,0.7365086813601385,0.9409346377350931,0.698586629671622,0.9999999999999996,0.9999999999999993,0.756516729873746,0.6669706844457111,1.2391653060913086
426_UCR_id_124_Sensor_tr_2827_1st_4711.csv,0.857602584155685,0.9992745180141638,0.9701107578436694,0.9998390776686839,0.9245233303934121,0.9999999999999996,0.9999999999999993,0.9158878504672897,0.6666956022042749,1.1217453479766846
449_UCR_id_147_Sensor_tr_2847_1st_9330.csv,0.9669230769230769,0.9999648444366321,0.7776660022758537,0.9995502548322659,0.8999950000277777,0.9999999999999993,0.9999999999999991,0.90989010989011,0.6673642066840944,1.2990663051605225
493_UCR_id_191_Sensor_tr_2847_1st_9330.csv,0.9909090909090909,0.9999912111091581,0.7844859154677252,0.9995640504692186,0.9523759637449517,0.9999999999999993,0.9999999999999991,0.90989010989011,0.6666625649572974,1.133453130722046
526_UCR_id_224_Sensor_tr_2827_1st_4711.csv,0.6826823209235492,0.9982668535746144,0.9167861073310372,0.999521210101076,0.8340376909292061,0.9799999999999994,0.6666666666666661,0.8260819299394967,0.6669313868745725,1.2933509349822998
531_SMAP_id_1_Sensor_tr_1811_1st_4510.csv,0.9781649664973642,0.9997362991918346,0.9930407230982612,0.999950116579674,0.9050229780864887,0.9999999999999996,0.9999999999999993,0.9024390243902439,0.9929830263132328,1.1576495170593262
532_SMAP_id_2_Sensor_tr_2075_1st_5550.csv,0.5686910858358816,0.9300788554970418,0.5730838856904984,0.934408338050885,0.6043695400853167,0.9999999999999996,0.9999999999999993,0.7047970479704797,0.7717165050053993,0.968679666519165
533_SMAP_id_3_Sensor_tr_2052_1st_5300.csv,0.9905129294195711,0.9945942734941191,0.9913184398047905,0.9961944110762067,0.9914479918434599,0.9999999999999996,0.9999999999999993,0.9924501168434299,0.9999349570103123,0.9819488525390625
534_SMAP_id_4_Sensor_tr_1968_1st_4370.csv,0.9403275149720723,0.9995739060036644,0.9804088397715323,0.99991317898598,0.8499951125281029,0.9999999999999996,0.9999999999999991,0.85,0.9929240532798624,1.1970057487487793
536_SMAP_id_6_Sensor_tr_2160_1st_5600.csv,0.9845023617899198,0.9997970870983339,0.9920534614437099,0.9999389970857555,0.9255269426478081,0.9999999999999996,0.9999999999999993,0.9368421052631579,0.7999870973931713,0.5319242477416992
537_SMAP_id_7_Sensor_tr_2077_1st_5394.csv,0.998975105287121,0.9999636548827227,0.9993520915009283,0.9999878479930918,0.9807977941892512,0.9999999999999996,0.9999999999999993,0.9811457577955041,0.9955019956284062,1.2118096351623535
538_SMAP_id_8_Sensor_tr_2007_1st_3650.csv,0.7729166703187949,0.9197196276060748,0.7665202213555719,0.9227161212310748,0.8179822612161893,0.9999999999999996,0.9999999999999993,0.839039256714869,0.7624567638264316,0.4593963623046875
539_SMAP_id_9_Sensor_tr_1857_1st_4270.csv,0.9976355723703718,0.9999799808706097,0.9971176727944278,0.999983643367014,0.975995002905585,0.9999999999999996,0.9999999999999991,0.9730639730639731,0.744324486445615,0.42685651779174805
540_SMAP_id_10_Sensor_tr_2051_1st_4575.csv,0.9830659106905362,0.9995776160650712,0.9920149070374813,0.9998714057292932,0.9117597448366825,0.9999999999999996,0.9999999999999993,0.9285714285714286,0.6897728740219335,0.8087821006774902
541_SMAP_id_11_Sensor_tr_1832_1st_5300.csv,0.8437421865910139,0.8815748168365123,0.8725283129963044,0.9151874764957274,0.8732698576021873,0.9999999999999996,0.9999999999999993,0.900883218842002,0.6562512138265741,1.5140314102172852
542_SMAP_id_12_Sensor_tr_1908_1st_4690.csv,0.9940623023402908,0.9999745364574271,0.9911315431517241,0.9999713049527075,0.9538411645231394,0.9999999999999996,0.9999999999999991,0.9597315436241611,0.9947860393990636,0.8765978813171387
544_SMAP_id_14_Sensor_tr_1978_1st_4450.csv,0.9455019698726286,0.9991733371202807,0.9772451821502548,0.9997573263264699,0.8584020812414164,0.9999999999999996,0.9999999999999993,0.8702101359703337,0.6702785428395563,0.8574864864349365
545_SMAP_id_15_Sensor_tr_1173_1st_2750.csv,0.9210267387861579,0.999108734402852,0.9843136867297585,0.9998789538951416,0.8499951125281029,0.9999999999999996,0.9999999999999991,0.8489194033889135,0.7621041756253338,0.47002506256103516
546_SMAP_id_16_Sensor_tr_2117_1st_4770.csv,0.04249403073738421,0.8144485540160061,0.08229833172781044,0.8656316623303858,0.11110920481109694,0.5680751173708916,0.04166666666666662,0.25743059602721147,0.7317930368206229,0.8970232009887695
547_SMAP_id_17_Sensor_tr_2133_1st_5400.csv,0.600835761563133,0.8239687520992705,0.6023568674895958,0.8318381944838505,0.6645656990626715,0.9999999999999996,0.9999999999999993,0.7454691904953685,0.750756137355659,1.0035068988800049
548_SMAP_id_18_Sensor_tr_2094_1st_5600.csv,0.9407078972419545,0.9996488507176613,0.9762323063603228,0.999908814819935,0.8450655425792611,0.9999999999999996,0.9999999999999991,0.8797814207650273,0.6567237587876787,0.5008947849273682
549_SMAP_id_19_Sensor_tr_1998_1st_2098.csv,0.977606973025206,0.9994775616956263,0.99477032562371,0.9999212541589532,0.9081314887882198,0.9999999999999996,0.9999999999999993,0.9188309272987271,0.9912362197398723,0.8366193771362305
550_SWaT_id_1_Sensor_tr_43700_1st_43800.csv,0.7310722808124263,0.8164358607093491,0.5796624216297588,0.7844043476104212,0.7909126327678265,0.890754667419031,0.22966507177033446,0.1970104592759116,0.7071695831964373,43.1705117225647
551_YAHOO_id_1_Synthetic_tr_500_1st_893.csv,1.0,1.0,1.0,1.0,0.9999950000249999,0.9999999999999983,0.9999999999999983,0.5,0.6924475384598923,0.13786888122558594
552_YAHOO_id_2_Synthetic_tr_500_1st_893.csv,1.0,1.0,1.0,1.0,0.9999950000249999,0.9999999999999983,0.9999999999999983,0.4,0.7552966802158666,0.14939236640930176
555_YAHOO_id_5_WebService_tr_500_1st_730.csv,0.3942307692307692,0.9906026252983293,0.7467682201543702,0.9954624411632632,0.3999968000255998,0.39999999999999947,0.39999999999999947,0.5864661654135338,0.6836909893477855,0.18382835388183594
558_YAHOO_id_8_WebService_tr_500_1st_1125.csv,0.19387727389841608,0.8854491462509279,0.21455752543620754,0.8483730029050731,0.40689255651960865,0.5622775800711739,0.06106870229007626,0.39581859895464977,0.6670828044710546,0.14400362968444824
562_YAHOO_id_12_Synthetic_tr_500_1st_893.csv,1.0,1.0,1.0,1.0,0.9999950000249999,0.9999999999999983,0.9999999999999983,0.4,0.8029729798584146,0.1425304412841797
570_YAHOO_id_20_Synthetic_tr_500_1st_658.csv,0.031071455695515844,0.9472477064220183,0.19596911025566954,0.9559459379744887,0.0776691563838367,0.07766990291262128,0.04040404040404036,0.4,0.6855971385329609,0.13895750045776367
571_YAHOO_id_21_Synthetic_tr_500_1st_623.csv,0.42230806501931484,0.9799338999055713,0.6730976702503543,0.9910418052015122,0.49999625002812476,0.49999999999999944,0.49999999999999933,0.6445357436318817,0.7715702090484043,0.13170218467712402
579_YAHOO_id_29_WebService_tr_500_1st_1342.csv,1.0,1.0,1.0,1.0,0.9999950000249999,0.9999999999999983,0.9999999999999983,1.0,0.6793602841938374,0.18958497047424316
603_YAHOO_id_53_Synthetic_tr_500_1st_893.csv,1.0,1.0,1.0,1.0,0.9999950000249999,0.9999999999999983,0.9999999999999983,0.16666666666666669,0.7472583422743239,0.16904902458190918
644_YAHOO_id_94_WebService_tr_500_1st_1078.csv,0.03755417374536706,0.31438235294117645,0.04098822283504591,0.32276055578007073,0.11219041447791268,0.13009708737864065,0.017683465959328012,0.17981441128369782,0.36516000840489227,0.13919734954833984
645_YAHOO_id_95_WebService_tr_500_1st_1047.csv,1.0,1.0,1.0,1.0,0.9999950000249999,0.9999999999999983,0.9999999999999983,1.0,0.6946383761724186,0.18026161193847656
649_YAHOO_id_99_WebService_tr_500_1st_1386.csv,1.0,1.0,1.0,1.0,0.9999950000249999,0.9999999999999983,0.9999999999999983,0.4,0.6666623797217037,0.23055648803710938
657_YAHOO_id_107_WebService_tr_500_1st_1260.csv,1.0,1.0,1.0,1.0,0.9999950000249999,0.9999999999999983,0.9999999999999983,0.5,0.9010974441842576,0.2042253017425537
658_YAHOO_id_108_Synthetic_tr_500_1st_893.csv,1.0,1.0,1.0,1.0,0.9999950000249999,0.9999999999999983,0.9999999999999983,0.25,0.7769063253154521,0.09126853942871094
672_YAHOO_id_122_WebService_tr_500_1st_857.csv,0.0021008403361344537,0.7170935080405003,0.0033513975217636205,0.719016945730101,0.004192830276997655,0.004192872117400415,0.004192872117400415,0.125,0.6028105485317394,0.18304443359375
680_YAHOO_id_130_Synthetic_tr_500_1st_893.csv,1.0,1.0,1.0,1.0,0.9999950000249999,0.9999999999999983,0.9999999999999983,0.33333333333333337,0.7047675632245434,0.143524169921875
689_YAHOO_id_139_WebService_tr_500_1st_1073.csv,1.0,1.0,1.0,1.0,0.9999950000249999,0.9999999999999983,0.9999999999999983,1.0,0.6798392382703964,0.17222356796264648
693_YAHOO_id_143_WebService_tr_500_1st_1003.csv,0.512987012987013,0.9736842105263158,0.533025833396434,0.975481470211713,0.6666622222518517,0.6666666666666657,0.6666666666666657,0.6666666666666666,0.6708716452825269,0.13783955574035645
701_YAHOO_id_151_Synthetic_tr_500_1st_893.csv,1.0,1.0,1.0,1.0,0.9999950000249999,0.9999999999999983,0.9999999999999983,0.25,0.8122334761865873,0.1511366367340088
723_YAHOO_id_173_WebService_tr_500_1st_1214.csv,0.625,0.9978843441466855,0.9480262344689759,0.9997778686471818,0.6666622222518517,0.6666666666666657,0.6666666666666657,0.3333333333333333,0.8507287833784427,0.1381669044494629
724_YAHOO_id_174_WebService_tr_500_1st_1030.csv,0.27326495726495725,0.9787462686567164,0.578093926653616,0.9877538140312419,0.3333305555787035,0.3333333333333329,0.3333333333333329,0.4601769911504425,0.6670618817156935,0.17029881477355957
734_YAHOO_id_184_WebService_tr_500_1st_768.csv,0.9008320429842962,0.986820943695509,0.9655006715500803,0.9952278084366487,0.9050455393803721,0.99343544857768,0.8799999999999992,0.8882425948520878,0.9693146940850252,0.15127253532409668
741_YAHOO_id_191_WebService_tr_500_1st_1114.csv,0.6428571428571428,0.9985101311084624,0.8818222759859512,0.9997533583710849,0.6666622222518517,0.6666666666666657,0.6666666666666657,0.7368421052631579,0.7046869139799015,0.17739391326904297
755_YAHOO_id_205_Synthetic_tr_500_1st_893.csv,1.0,1.0,1.0,1.0,0.9999950000249999,0.9999999999999983,0.9999999999999983,0.15384615384615385,0.7675583988846436,0.15093159675598145
762_YAHOO_id_212_WebService_tr_500_1st_1055.csv,0.0028024181298985356,0.651072705601907,0.009166535768660484,0.6410111813629588,0.006578816657721669,0.006578947368421039,0.006578947368421039,0.33976833976833976,0.650268428967099,0.1877138614654541
780_YAHOO_id_230_Synthetic_tr_500_1st_893.csv,0.0078125,0.9105633802816901,0.016974762849780042,0.9319106332178183,0.015503722133609836,0.01550387596899223,0.01550387596899223,0.33333333333333337,0.7654168961738301,0.13617515563964844
788_YAHOO_id_238_WebService_tr_500_1st_973.csv,0.0053475935828877,0.8892197736748064,0.005291005291005291,0.8895175699821323,0.01063819205628114,0.010638297872340413,0.010638297872340413,0.33333333333333337,0.6525583574453027,0.18312478065490723
797_YAHOO_id_247_Synthetic_tr_500_1st_893.csv,0.0056179775280898875,0.8753521126760564,0.015990809254191943,0.8789393672009472,0.011173073251003425,0.011173184357541888,0.011173184357541888,0.038461538461538464,0.6903182847050485,0.13206243515014648
806_YAHOO_id_256_Synthetic_tr_500_1st_893.csv,1.0,1.0,1.0,1.0,0.9999950000249999,0.9999999999999983,0.9999999999999983,0.4,0.6714894633664574,0.11748480796813965
807_YAHOO_id_257_WebService_tr_500_1st_1210.csv,0.2291075913170257,0.9590283874743927,0.4990619310346323,0.9795265102011967,0.26229268344036916,0.36559139784946204,0.39999999999999947,0.4665945945945946,0.7769693452686688,0.13123679161071777
810_Exathlon_id_1_Facility_tr_10766_1st_12590.csv,0.9043384447216005,0.9905720141485895,0.9158752095612939,0.9910536942825696,0.9718876814657239,0.9954229220065904,0.41860465116279033,0.4819341418398987,0.8635065034836495,4.630932331085205
811_Exathlon_id_2_Facility_tr_10766_1st_12590.csv,0.9576031221561352,0.9890526255550564,0.9625612403169819,0.9897647319271744,0.981813181908424,0.9989894350022962,0.7659574468085102,0.5645141748860402,0.975121411358405,4.507821559906006
812_Exathlon_id_3_Facility_tr_10766_1st_12590.csv,0.99985715653436,0.9999791435382706,0.9998990939955612,0.9999924364682639,0.9932438672887041,0.9999999999999996,0.9999999999999996,0.9945821963062192,0.9980647729001352,6.289741277694702
814_Exathlon_id_5_Facility_tr_10766_1st_12590.csv,0.958617023164511,0.9889034727709751,0.9637112869501855,0.9896131614828758,0.9820817960451977,0.9988059153118393,0.73469387755102,0.5957126643049037,0.9760138297788041,4.515562057495117
815_Exathlon_id_6_Facility_tr_10766_1st_12590.csv,0.999857130772987,0.9999791386504192,0.9998990939955612,0.9999924364682639,0.9933357327090037,0.9999999999999996,0.9999999999999996,0.9943831497198483,0.9980362999380245,6.377981662750244
816_Exathlon_id_7_Facility_tr_10766_1st_12590.csv,0.9249482628730967,0.9875619384246768,0.9261671310983854,0.9883751005659754,0.9438512202656928,0.9999999999999996,0.9999999999999996,0.34157089005310093,0.9499829317305997,5.788287878036499
817_Exathlon_id_8_Facility_tr_10766_1st_12590.csv,0.56802556188785,0.9455496707291604,0.5724327905561631,0.9464091610663593,0.7946789198912961,0.9999999999999996,0.9999999999999996,0.336413017077732,0.8677504888286375,4.182380676269531
818_Exathlon_id_9_Facility_tr_11665_1st_13484.csv,0.9266499773804036,0.9968664937680526,0.9738548868722051,0.998849261193461,0.9642630782028966,0.9999999999999996,0.9999999999999996,0.9630417400699688,0.9360205188274446,7.407895565032959
819_Exathlon_id_10_Facility_tr_10766_1st_12590.csv,0.9802023520776204,0.9984575016452629,0.9945321253052121,0.9995232051158096,0.9845456903929892,0.9999999999999996,0.9999999999999996,0.9854906270496037,0.9810042218547443,7.896007299423218
820_Exathlon_id_11_Facility_tr_11665_1st_13484.csv,0.9104499713919705,0.9958530401141776,0.9083685510333913,0.9959904275366237,0.9061932145211685,0.9988060719768032,0.8372093023255809,0.46577868683392254,0.9310785080590429,4.957340717315674
821_Exathlon_id_12_Facility_tr_6985_1st_7085.csv,0.7783884649756281,0.9560539725266337,0.7823499539158535,0.9581164725087032,0.778586150289211,0.9985605593255186,0.8108108108108103,0.3674623417984034,0.7850840620581641,6.030763387680054
822_Exathlon_id_13_Facility_tr_10766_1st_12590.csv,0.5631586027034322,0.9440814530514571,0.5669162078592364,0.9449705754403085,0.793825321122797,0.9999999999999996,0.9999999999999996,0.336604263570438,0.8678742888391959,3.9886748790740967
823_Exathlon_id_14_Facility_tr_10766_1st_12590.csv,0.9018134966966312,0.9936151806261722,0.9518455316889005,0.9967244765562282,0.9677713982527719,0.9999999999999996,0.9999999999999996,0.8937114394388009,0.9842658830454603,7.599932670593262
824_Exathlon_id_15_Facility_tr_10766_1st_12590.csv,0.9692323588185318,0.9866983479595197,0.9697619022922986,0.9874260438405815,0.9356946846418313,0.9999999999999996,0.9999999999999996,0.3586519952500562,0.724531954466365,3.016155242919922
826_Exathlon_id_17_Facility_tr_11665_1st_13484.csv,0.9037206245475765,0.9934554416518095,0.9026518665442297,0.9939878585158269,0.9051359660482169,0.9984654731457795,0.7999999999999995,0.46631715171532523,0.8952308301967126,4.815003871917725
827_Exathlon_id_18_Facility_tr_10766_1st_12590.csv,0.9767216216782448,0.9881685183338392,0.9776328554254239,0.988895814621822,0.9609977860075654,0.9999999999999996,0.9999999999999996,0.3822211986112507,0.7162785321389373,3.012848138809204
828_Exathlon_id_19_Facility_tr_11663_1st_13482.csv,0.9581537633389529,0.9981296057479592,0.966734437966565,0.9984853389248056,0.9526722616031881,0.9999999999999996,0.9999999999999996,0.6701734059320608,0.7953973608953864,5.3775246143341064
829_Exathlon_id_20_Facility_tr_10766_1st_12590.csv,0.9235591104872071,0.9873074328925014,0.9244520533836994,0.9881133459137758,0.9332206356605035,0.9999999999999996,0.9999999999999996,0.3414463221590237,0.9480941260322181,5.494286298751831
830_Exathlon_id_21_Facility_tr_10766_1st_12590.csv,0.9547200872808227,0.9962260606421152,0.9555201706797886,0.9965691839519465,0.9568633090335273,0.9999080459770109,0.9729729729729725,0.3522599213097574,0.924500433163159,4.338866472244263
831_Exathlon_id_22_Facility_tr_11665_1st_13484.csv,0.9120462565638294,0.996244762560234,0.9097230623158687,0.9963163230289773,0.9080317370776788,0.9984654731457795,0.7999999999999995,0.4963246170497327,0.9159473786196989,4.83258843421936
832_Exathlon_id_23_Facility_tr_10766_1st_12590.csv,0.9237907697374899,0.9873767915032212,0.924745094570578,0.9881885311741883,0.9333402977238976,0.9999999999999996,0.9999999999999996,0.34145120343332747,0.9484601126693808,5.501804828643799
833_Exathlon_id_24_Facility_tr_10766_1st_12590.csv,0.9998623076485542,0.9999798962673792,0.9999005775685021,0.9999925504172151,0.9935219097407622,0.9999999999999996,0.9999999999999996,0.9946163962633712,0.9980379392456218,6.494436264038086
834_Exathlon_id_25_Facility_tr_11665_1st_13484.csv,0.9101530622236784,0.9957933980894059,0.9080900691182199,0.9959393246687409,0.9059552695683534,0.9984654731457795,0.7999999999999995,0.4629573042845997,0.9319625374392375,4.834710359573364
835_Exathlon_id_26_Facility_tr_10766_1st_12590.csv,0.8647861112492454,0.9784307673467657,0.8677267531684669,0.9798046376134388,0.9174856059205385,0.9964262805827906,0.7272727272727266,0.3350285383055253,0.8466906049611695,4.9695940017700195
836_Exathlon_id_27_Facility_tr_10766_1st_12590.csv,0.9998583760281834,0.9999793195009192,0.9999003507911667,0.9999925434963368,0.9933357327090037,0.9999999999999996,0.9999999999999996,0.9945293897085358,0.9980647729001352,6.51076602935791
837_Exathlon_id_28_Facility_tr_8898_1st_8998.csv,0.7671939215156449,0.984985839451896,0.9031807943593958,0.9935375117766224,0.8798131448124339,0.9884415089546547,0.6153846153846149,0.6900169684356156,0.7428836193952653,13.650767803192139
838_Exathlon_id_29_Facility_tr_10766_1st_12590.csv,0.5640561117771975,0.944415039130696,0.5683548963994032,0.9452635976767021,0.8015903522333941,0.9999999999999996,0.9999999999999996,0.33600320130905686,0.8607006444470888,3.9994094371795654
839_Exathlon_id_30_Facility_tr_10766_1st_12590.csv,0.9243562490213543,0.9874762446147303,0.9257878995132013,0.9883041012506049,0.9436431846046576,0.9999999999999996,0.9999999999999996,0.34174022450645003,0.9497618000237636,5.4873316287994385
840_Exathlon_id_31_Facility_tr_10766_1st_12590.csv,0.9780199858406626,0.9878458834855598,0.9788094408509637,0.9886059005718554,0.9649936078547755,0.9999999999999996,0.9999999999999996,0.3934452215995491,0.731634693406939,3.067866563796997
841_Exathlon_id_32_Facility_tr_11663_1st_13482.csv,0.8945936166626856,0.9967108901669403,0.9518713059033324,0.9983579779203695,0.9649768336264289,0.9989833954591659,0.8571428571428567,0.9656745047402293,0.9722853251086967,10.21138620376587
842_OPPORTUNITY_id_1_HumanActivity_tr_7295_1st_27516.csv,0.9531670764323281,0.9997176814589819,0.9634089337532236,0.9997820490206388,0.9655122419558965,0.9999999999999996,0.9999999999999993,0.6508318850553866,0.6533416747128699,3.1665706634521484
843_OPPORTUNITY_id_2_HumanActivity_tr_808_1st_908.csv,0.871316933853412,0.981114689459925,0.8794142269353464,0.9815709523073908,0.9469480907847203,0.9926119078661447,0.41379310344827547,0.6203408878067053,0.8041320589216564,0.7818698883056641
844_OPPORTUNITY_id_3_HumanActivity_tr_500_1st_566.csv,0.6491127114509814,0.9839989291167986,0.687188311827447,0.9858755029382775,0.7935105113671006,0.9457212713936425,0.6666666666666661,0.485753145667362,0.7378875607808669,1.3349733352661133
845_OPPORTUNITY_id_4_HumanActivity_tr_7295_1st_27516.csv,0.5392733001440542,0.9962155871763525,0.6215730834079464,0.9963332778726346,0.8530510172578868,0.8943089430894303,0.11363636363636351,0.28509719222462204,0.6172902323375478,3.0998992919921875
846_OPPORTUNITY_id_5_HumanActivity_tr_2085_1st_2185.csv,0.6570698148646492,0.9922485789423597,0.6985882545571206,0.9927561484482489,0.8810379734857633,0.9578454332552687,0.242424242424242,0.5498662196253399,0.7051423098406769,2.383732557296753
847_OPPORTUNITY_id_6_HumanActivity_tr_808_1st_908.csv,0.41497550439872766,0.9093681442383111,0.4252925425377136,0.9109854426010222,0.7204796278101333,0.9904596704249777,0.35294117647058787,0.2796972296678803,0.7510687018006958,0.9291110038757324
848_OPPORTUNITY_id_7_HumanActivity_tr_1477_1st_1577.csv,0.4381689613133367,0.9872121728210289,0.49062119618770705,0.9883433107093073,0.6814113765830051,0.9317647058823524,0.21621621621621598,0.5185163817817716,0.7127220640042399,1.9007439613342285
849_OPPORTUNITY_id_8_HumanActivity_tr_1100_1st_1200.csv,0.8502713113919769,0.9982960000736895,0.8775186727293672,0.9985736299758468,0.9445274947835437,0.9894222945484129,0.6153846153846148,0.6443803937709701,0.6782804974198321,2.58909010887146
850_OPPORTUNITY_id_9_HumanActivity_tr_895_1st_995.csv,0.22378358643192783,0.9514015900862229,0.27607621454189724,0.9569823433463868,0.41595112152672975,0.944983818770226,0.16393442622950805,0.30564362714013954,0.6174968230670537,1.7426941394805908
851_OPPORTUNITY_id_10_HumanActivity_tr_6213_1st_7311.csv,0.0185130754831393,0.10256253299768155,0.02027859827311488,0.13916378123121395,0.068332542748539,0.16414117647058804,0.00134937591363994,0.1994928975002896,0.627245260169537,3.690814971923828
853_OPPORTUNITY_id_12_HumanActivity_tr_808_1st_908.csv,0.5442127693430282,0.9524069773745345,0.5571368130750949,0.9529550178113368,0.8423723840738147,0.9969445656918371,0.6315789473684205,0.30376584570401394,0.7207817076419509,0.8516762256622314
854_OPPORTUNITY_id_13_HumanActivity_tr_1477_1st_1577.csv,0.6403644415604092,0.9941627458232624,0.6967793133165683,0.9951707101405627,0.8038000110590396,0.9519230769230763,0.2857142857142854,0.5474948644119452,0.7273167608070159,1.8380985260009766
855_OPPORTUNITY_id_14_HumanActivity_tr_808_1st_908.csv,0.2623776595647151,0.8163198520178826,0.2779222756714457,0.8201879761422175,0.5682578665524063,0.9744027303754261,0.1666666666666665,0.28730214130380594,0.7619985573891042,0.9532439708709717
856_OPPORTUNITY_id_15_HumanActivity_tr_808_1st_908.csv,0.8070598725111505,0.9879933797473816,0.8254527982496195,0.9888752284958279,0.9499739907652209,0.9896013864818018,0.33333333333333304,0.42711181540846754,0.7557129388411219,0.9091026782989502
857_OPPORTUNITY_id_16_HumanActivity_tr_500_1st_566.csv,0.6395212027685219,0.9848184279789501,0.7225185163973368,0.9857688749631415,0.8444395430961029,0.8766999093381682,0.19230769230769196,0.7265534049261145,0.7656180951655288,2.2273361682891846
858_OPPORTUNITY_id_17_HumanActivity_tr_808_1st_908.csv,0.5236670363308553,0.948774246509266,0.5387465036810538,0.950123305689796,0.8233538704483297,0.9908893709327543,0.36363636363636326,0.2590315677338996,0.7287713698425565,0.9660391807556152
859_OPPORTUNITY_id_18_HumanActivity_tr_895_1st_995.csv,0.1492022021992582,0.7238023548538274,0.1609122011234001,0.7292397905338885,0.2653023220036291,0.9898305084745757,0.5263157894736837,0.30554294648711355,0.6916650695365633,1.4923641681671143
860_OPPORTUNITY_id_19_HumanActivity_tr_808_1st_908.csv,0.6290833941467124,0.9693384062051593,0.6433431433922704,0.9699607969294108,0.8937622049382038,0.9641198818066689,0.12371134020618542,0.3583453886436308,0.7562752473111107,0.9186630249023438
861_OPPORTUNITY_id_20_HumanActivity_tr_2085_1st_2185.csv,0.7101450128448198,0.9917386155256723,0.7228882352339009,0.9919891882959466,0.8068133019086562,0.9784688995215305,0.3809523809523803,0.5687200992639794,0.7071539696439216,2.1742019653320312
862_OPPORTUNITY_id_21_HumanActivity_tr_500_1st_566.csv,0.7555252170214415,0.9909299544649309,0.8204336659015626,0.9934299372731963,0.9162228877740373,0.9508357915437556,0.6666666666666661,0.9174658903763757,0.7172669939140978,1.8026728630065918
863_OPPORTUNITY_id_22_HumanActivity_tr_808_1st_908.csv,0.6942882471342401,0.9632158894913445,0.7163699890779983,0.9653353152467101,0.8696275629849224,0.9978156400174744,0.7058823529411757,0.32105157875220536,0.7844526878879997,0.7322952747344971
865_OPPORTUNITY_id_24_HumanActivity_tr_2085_1st_2185.csv,0.7560755978581357,0.9940947300081988,0.8040913489462077,0.9953039322850468,0.834160323013675,0.987922705314009,0.6153846153846148,0.6184251430707572,0.6788791249916774,2.360058069229126
866_OPPORTUNITY_id_25_HumanActivity_tr_6213_1st_7311.csv,0.17384037080309292,0.9223738149528276,0.20084587862087128,0.9269136715005469,0.4029208443254311,0.960881542699724,0.1445783132530119,0.20004214954969585,0.5752883558879867,3.453932046890259
867_OPPORTUNITY_id_26_HumanActivity_tr_808_1st_908.csv,0.19497281841457467,0.7328216946032328,0.21787383639400543,0.7494228828763911,0.4792824944791934,0.9649345162653141,0.12631578947368405,0.22773221438107955,0.6703374436874945,0.7845275402069092
868_OPPORTUNITY_id_27_HumanActivity_tr_2085_1st_2185.csv,0.7844435441904571,0.9916569481757755,0.7865949946626444,0.9929478792955867,0.8269492476169591,0.986731001206272,0.6153846153846148,0.5746182715614622,0.6422254781219651,2.303838014602661
869_OPPORTUNITY_id_28_HumanActivity_tr_500_1st_566.csv,0.7968210388629877,0.9919668972595729,0.9059679279032526,0.9962623055467219,0.8733776812790701,0.9827235772357719,0.6666666666666661,0.7083648844092085,0.7161413943549249,2.1066205501556396
870_OPPORTUNITY_id_29_HumanActivity_tr_1477_1st_1577.csv,0.8774280332044251,0.9968813883943036,0.927670006383887,0.9987506382675096,0.8502944144865584,0.9682151589242047,0.7692307692307686,0.8093787922119079,0.728645679254923,2.2241647243499756
