file,Time,AUC-PR,AUC-ROC,VUS-PR,VUS-ROC,Standard-F1,PA-F1,Event-based-F1,R-based-F1,Affiliation-F
001_NAB_id_1_Facility_tr_1007_1st_2014.csv,5.838648080825806,0.22456155950028608,0.5881987440157346,0.2206943672773085,0.5932116774629108,0.2076701984533821,1.0,0.9999999999999996,0.361199286863504,0.980515592597873
002_NAB_id_2_WebService_tr_1500_1st_4106.csv,5.10366678237915,0.1742414731736867,0.49077565305156473,0.17620403598612375,0.5198055247741672,0.19225944479044654,1.0,0.9999999999999996,0.33623541702942716,0.988380536727384
005_NAB_id_5_Traffic_tr_594_1st_1645.csv,1.9343490600585938,0.10535424962340753,0.45133821861299395,0.10588484755775919,0.4644327252592918,0.1822341783156994,0.9979035639412999,0.6666666666666662,0.2891278375149343,0.8399017879123211
006_NAB_id_6_Traffic_tr_2579_1st_5839.csv,8.301864385604858,0.09386928090971305,0.4844520661770316,0.11482057149069337,0.5617081219838916,0.18257092856918897,0.6835338034010784,0.3076923076923073,0.13337548750965844,0.6865357471806229
008_NAB_id_8_Synthetic_tr_1007_1st_2734.csv,2.276669979095459,0.5043062574881257,0.7681028585372942,0.5320242465348898,0.7995981373578755,0.6357416473227261,1.0,0.9999999999999996,0.3360927152317881,0.9737021231184159
009_NAB_id_9_Traffic_tr_500_1st_438.csv,1.791125774383545,0.14099716974118232,0.5672403122917262,0.17398076187531156,0.6469391879820495,0.22600174073504398,0.997690531177829,0.6666666666666662,0.2894736842105263,0.9096106693557603
010_NAB_id_10_WebService_tr_500_1st_271.csv,0.4172530174255371,0.21531434024246834,0.49175231569597766,0.35409786062197224,0.7089728635929539,0.2679587042171512,1.0,0.9999999999999996,0.36986053251222606,0.9533895940055747
011_NAB_id_11_Facility_tr_1007_1st_1526.csv,2.4279775619506836,0.3116834763377343,0.611325323928926,0.34085692287712965,0.6708287577443235,0.28614989714325567,1.0,0.9999999999999996,0.36701883325677537,0.9930418642301856
013_NAB_id_13_Traffic_tr_623_1st_2084.csv,1.61122465133667,0.18650305321263683,0.5439598713124407,0.2811496062511811,0.7207505389658563,0.18898091461454164,1.0,0.9999999999999996,0.35543766578249336,0.9269796023286574
014_NAB_id_14_WebService_tr_500_1st_1045.csv,0.7616317272186279,0.12289233478673381,0.5162027360820824,0.12531644335321557,0.5298837641021023,0.19309846005751455,1.0,0.9999999999999996,0.3406113537117904,0.9739089569512059
015_NAB_id_15_Synthetic_tr_1007_1st_2787.csv,2.772879123687744,0.10779447988184593,0.43397891323596716,0.14227350913157405,0.5348898027555351,0.2269483392309414,0.996116504854369,0.33333333333333304,0.2196135419268409,0.8220044466760299
016_NAB_id_16_Environment_tr_1816_1st_3540.csv,4.289034605026245,0.12631371931240448,0.544866278411826,0.13362184137760424,0.5575004098334747,0.18799545346920138,0.9246487867177522,0.3444444444444441,0.2330256817491619,0.6732429645616818
017_NAB_id_17_Synthetic_tr_1007_1st_1805.csv,2.859909772872925,0.13924524264609028,0.6159194383552067,0.15536055254890235,0.640668846984563,0.23886125409294792,0.9571428571428571,0.4857142857142853,0.18670608848007011,0.7696794468614704
018_NAB_id_18_Facility_tr_500_1st_669.csv,0.6017954349517822,0.14491526451243864,0.5306754345176007,0.1924740850046219,0.6401245054389713,0.19929048161882112,0.8017057569296374,0.448275862068965,0.18607162831960813,0.6709283902851767
019_NAB_id_19_Facility_tr_1007_1st_1171.csv,2.243263006210327,0.1972809291113687,0.5907966125034426,0.19010478222954638,0.5940708203800242,0.22115595506979466,1.0,0.9999999999999996,0.34024896265560167,0.9821895336416244
020_NAB_id_20_Synthetic_tr_1007_1st_2679.csv,3.2234435081481934,0.14516251151512777,0.3655696752470946,0.16733000324134015,0.4423594418317426,0.2670370325537708,1.0,0.9999999999999996,0.3351206434316354,0.9273512990045888
022_NAB_id_22_Facility_tr_1007_1st_2980.csv,1.952927827835083,0.3228945741481527,0.6762589553710316,0.3809028901303961,0.751933634589277,0.33611548647582307,1.0,0.9999999999999996,0.3831851253031528,0.9470271795510906
023_NAB_id_23_Facility_tr_4512_1st_16551.csv,13.862907886505127,0.11113731408678959,0.568741565799089,0.11159871653942662,0.5695062787437509,0.21867643620789837,0.993698175787728,0.2887085868830288,0.1820385407829354,0.8397527256513505
024_NAB_id_24_Synthetic_tr_1007_1st_2787.csv,2.9295384883880615,0.2218944257115907,0.504518117351366,0.2570485881915744,0.6027533870656178,0.22603897326964884,1.0,0.9999999999999996,0.3786346396965866,0.9808186041858131
025_NAB_id_25_WebService_tr_3958_1st_4614.csv,11.694865703582764,0.10973020619859483,0.5002201778475683,0.10869950230721617,0.5031677596517422,0.18208961782818692,1.0,0.9999999999999996,0.33614153327716934,0.9744759564413522
026_NAB_id_26_Traffic_tr_624_1st_2261.csv,1.5405008792877197,0.12241670603241693,0.5215436019609082,0.11750207702659352,0.523357051739005,0.17784919985194225,1.0,0.9999999999999996,0.33798882681564246,0.9803984594427271
027_NAB_id_27_Facility_tr_757_1st_2582.csv,2.7287583351135254,0.11063950532963235,0.5739146944542565,0.12315681752668549,0.6406785708755666,0.1563907415209107,1.0,0.9999999999999996,0.33887043189368776,0.9829874366569105
028_NAB_id_28_Facility_tr_1007_1st_3447.csv,0.954911470413208,0.13010473842394907,0.515600317741196,0.16889461563326394,0.5981337100592241,0.19457777546554764,1.0,0.9999999999999996,0.4826038159371493,0.9650832085895467
032_WSD_id_4_WebService_tr_4559_1st_11822.csv,14.083584070205688,0.16945053897974904,0.923070267035855,0.4063198745872213,0.9798761399397086,0.3214236735440222,0.7142857142857143,0.49999999999999944,0.20408163265306126,0.9964812892079679
039_WSD_id_11_WebService_tr_1746_1st_1846.csv,4.496734619140625,0.16035381489439826,0.8549271953236126,0.7423196570615274,0.9900667595047034,0.3144919317962515,0.7465753424657535,0.37572254335260075,0.2681742697317583,0.9555558287168692
040_WSD_id_12_WebService_tr_4559_1st_9714.csv,14.228598356246948,0.005444787888817155,0.6440780434185216,0.02074020029240131,0.8818863887141624,0.028568929045216837,0.3555555555555555,0.05263157894736823,0.04761904761904762,0.7600054507192826
043_WSD_id_15_WebService_tr_4521_1st_6828.csv,6.7677388191223145,0.004405457300098891,0.9437929826502203,0.1224228924574355,0.994897809739119,0.015563746322919021,0.03603603603603604,0.012307692307692294,0.010262048744731538,0.9967311964297608
049_WSD_id_21_WebService_tr_4297_1st_7097.csv,10.269361734390259,0.13908410006650299,0.8935387987922496,0.07270909086665046,0.886870415178567,0.23809137194486507,0.8474576271186439,0.3809523809523805,0.2275172943889316,0.995138100382169
054_WSD_id_26_WebService_tr_2409_1st_2509.csv,8.254240036010742,0.09181160389144469,0.8655297862664847,0.403151887992434,0.9881075234483485,0.23140000010625505,0.8571428571428571,0.3939393939393936,0.2803264065545608,0.9923796993882443
058_WSD_id_30_WebService_tr_1136_1st_1236.csv,3.052492618560791,0.233756105006105,0.9992593811718237,0.15247251801227085,0.9982520702510458,0.4705846367057193,0.6399999999999999,0.47058823529411725,0.3229357798165137,0.9996048173677173
060_WSD_id_32_WebService_tr_4576_1st_4766.csv,36.56132197380066,0.011450747670420626,0.574595816462057,0.032742772500021944,0.7508603032655197,0.05090442462609376,0.1733149931224209,0.049916805324459156,0.043523289124240236,0.9801694298961432
068_WSD_id_40_WebService_tr_4549_1st_13322.csv,14.243171215057373,0.006562010731953219,0.5818358159097465,0.02970055915177186,0.7361200182071754,0.048776347763653236,0.41935483870967744,0.08695652173913027,0.09686609686609687,0.9952184772862156
074_WSD_id_46_WebService_tr_990_1st_1090.csv,2.5074880123138428,0.11670960521624271,0.8042312762040912,0.1983000925299352,0.8887990363897174,0.2887279040350968,0.45150501672240795,0.24334600760456226,0.1400294196724075,0.9230837206424046
089_WSD_id_61_WebService_tr_1010_1st_1110.csv,3.1396944522857666,0.15636750312885261,0.8789217267281912,0.7983901718308549,0.9916392215536914,0.32658940374218864,0.4405286343612335,0.2969823722736774,0.21567795444314203,0.8948466158043863
094_WSD_id_66_WebService_tr_3309_1st_3914.csv,9.064316272735596,0.0026003295788403526,0.5213106239314389,0.0479985425966573,0.8260889454300107,0.00637871724910938,0.005274659030969783,0.005274659030969777,0.0039521479178927605,0.9930413418917768
099_WSD_id_71_WebService_tr_4559_1st_14411.csv,13.547788619995117,0.008349592790950693,0.6493461752424614,0.015394834509597026,0.7864842871871481,0.04166417549617346,0.7792207792207793,0.22222222222222188,0.096045197740113,0.994215306852909
106_WSD_id_78_WebService_tr_3363_1st_3463.csv,11.35855484008789,0.2349137658264594,0.7857609860058798,0.34673163094942067,0.9062674159347337,0.36363138018779934,0.9051094890510949,0.4358974358974354,0.12530082661923198,0.9953245697361136
113_WSD_id_85_WebService_tr_500_1st_335.csv,3.1232683658599854,0.3911791162881368,0.9954055912958116,0.9154909655675474,0.999498445148724,0.5959841597681362,0.7687074829931972,0.6153846153846149,0.4153935937703711,0.9960174959271432
117_WSD_id_89_WebService_tr_3251_1st_3351.csv,5.797240734100342,0.001464646964845993,0.8162421873409476,0.0022197417819498555,0.8783445335594935,0.005570864911316844,0.011152416356877321,0.003745318352059921,0.004055619930475087,0.9981985823587077
125_WSD_id_97_WebService_tr_2217_1st_2317.csv,7.119796514511108,0.04669277120460605,0.8025619604566974,0.16477736243320806,0.9241724171568665,0.11348749682834967,0.581453634085213,0.14634146341463392,0.12134321100233175,0.9794111676024357
130_WSD_id_102_WebService_tr_2362_1st_2462.csv,6.783874034881592,0.12684501346698906,0.7622526467490716,0.18132302730148378,0.8608352426128572,0.24867225381662872,0.7569060773480664,0.4228329809725153,0.16661135762694376,0.9760388314978277
137_WSD_id_109_WebService_tr_4559_1st_14404.csv,13.869741678237915,0.16628232257875974,0.9323581766117173,0.09383534944219064,0.9624225152995154,0.2272683084536845,1.0,0.9999999999999996,0.4072208228379513,0.9976745033781793
139_WSD_id_111_WebService_tr_1701_1st_1801.csv,4.110552549362183,0.04393263696232745,0.6476028821710278,0.577741449072623,0.9659818590234058,0.1655124415185063,0.5957446808510638,0.2499999999999995,0.11096121416526139,0.9139571498439748
140_MSL_id_1_Sensor_tr_530_1st_630.csv,0.6739885807037354,0.29294764776091,0.6239669421487604,0.30156911098855876,0.6282886345194595,0.4078914898111666,1.0,0.9999999999999996,0.35149863760217986,0.9874285202639989
141_MSL_id_2_Sensor_tr_500_1st_550.csv,1.039062738418579,0.2897110776594128,0.735723058532997,0.44868155421806066,0.851983555709151,0.37678169494083585,0.7821011673151752,0.6399999999999995,0.3126368826937701,0.7966086573242154
143_MSL_id_4_Sensor_tr_980_1st_3550.csv,3.7936525344848633,0.4668116667535051,0.759654104783631,0.49984668069901206,0.8648082948409379,0.5480729442781449,1.0,0.9999999999999996,0.5196078431372549,0.9980056451029593
144_MSL_id_5_Sensor_tr_1525_1st_4590.csv,7.311619997024536,0.01825106197058877,0.2981319514693601,0.025411054864671198,0.45047463076454586,0.04677690435695976,0.6949602122015914,0.0420748353942508,0.040136697447829564,0.6669671931705794
145_MSL_id_6_Sensor_tr_530_1st_630.csv,1.8133950233459473,0.17956273421707483,0.8396125115877863,0.26850460131541737,0.9077507526254478,0.32652663041347646,0.9680000000000001,0.3762376237623759,0.28275587415372366,0.9211933696782175
147_MSL_id_8_Sensor_tr_590_1st_690.csv,2.054964542388916,0.26644755447049595,0.6623467721952571,0.3113801248823358,0.7736319535316158,0.4188308969820834,1.0,0.9999999999999996,0.3424627757852407,0.9650400645481229
148_MSL_id_9_Sensor_tr_883_1st_1238.csv,3.3861236572265625,0.25414674482558697,0.737367306988366,0.3097503558723728,0.7845377369078339,0.3432444374419732,0.9934640522875817,0.7142857142857137,0.3110473684088383,0.9502787438720544
149_Stock_id_1_Finance_tr_500_1st_7.csv,7.552928686141968,0.06187118803186406,0.5998247420265769,0.8554065887110476,0.9676874894534535,0.12358275982602693,0.09701897018970192,0.09351763584366053,0.08684647492416796,0.6715648805751369
151_Stock_id_3_Finance_tr_500_1st_62.csv,4.184159994125366,0.050947085981582,0.5135099898960269,0.8596640044669905,0.9676532529699972,0.09663192068156039,0.10055205047318613,0.09654320114626092,0.09349475854364042,0.6732773456960442
155_Stock_id_7_Finance_tr_500_1st_18.csv,6.442223072052002,0.05404501462418618,0.550988342362622,0.9301807511693645,0.9847478604117209,0.103247438649385,0.09279038718291055,0.09279038718291045,0.07309418141346671,0.6716783593147931
156_Stock_id_8_Finance_tr_500_1st_24.csv,1.7041611671447754,0.053170668679761966,0.534842218743059,0.15615889338473896,0.6413880732942159,0.10054030635882667,0.10269049086054632,0.0993024820246024,0.08508778382776958,0.6709307514494746
160_Stock_id_12_Finance_tr_500_1st_14.csv,6.717242240905762,0.07604156957113523,0.6565817625692083,0.7267530446645402,0.9237274485127805,0.14420304573443182,0.1468822170900693,0.14343817322805175,0.11143966887871862,0.6995426755931421
162_Stock_id_14_Finance_tr_500_1st_4.csv,3.940640449523926,0.14865991740486273,0.5409020562224689,0.9426305387320737,0.9782562525710503,0.2492829838048256,0.26121204421293354,0.2501965718909722,0.22174073194618046,0.6875068436875217
165_Stock_id_17_Finance_tr_500_1st_7.csv,6.138293981552124,0.1451282716822181,0.5085044946732676,0.9710038850039582,0.9885544039827523,0.24550104894315403,0.24547089529324034,0.2454708952932401,0.1989841484348578,0.6864237089294106
166_Stock_id_18_Finance_tr_500_1st_18.csv,6.96338415145874,0.14479730891560713,0.513756653056934,0.8607741637943664,0.9436938613437127,0.24539177592993205,0.24539392875943147,0.24539392875943125,0.19730811995000783,0.6865102285934891
169_Daphnet_id_1_HumanActivity_tr_9693_1st_20732.csv,53.594600439071655,0.36860063249810393,0.9170366758591049,0.3896373559711221,0.9311195161838424,0.4247423580883502,0.9858914065840102,0.7739726027397255,0.2998247716764341,0.9202199037353276
170_MITDB_id_1_Medical_tr_17675_1st_17775.csv,136.1747875213623,0.05281050834798835,0.5595088034543878,0.06700939964167571,0.6329126464626514,0.1049940664501195,0.8778435290501077,0.09073517354468424,0.08396628109123945,0.6903307317339913
171_MITDB_id_2_Medical_tr_50000_1st_88864.csv,237.1407551765442,0.13148514030557162,0.6980838183876507,0.11646860893760103,0.7479134504751237,0.214268482902378,0.9646363402724236,0.88421635080924,0.2882656741486297,0.8832083557596618
172_MITDB_id_3_Medical_tr_27274_1st_27374.csv,190.61027455329895,0.020975631767611764,0.39276184407759607,0.023904939918486596,0.44066515242347587,0.054210009910691824,0.5360778941912554,0.10389610389610347,0.0546480639455374,0.6773831120035326
173_MITDB_id_4_Medical_tr_13620_1st_13720.csv,74.33802437782288,0.08968080845492189,0.43961978115668277,0.11875241227484092,0.5315555345864383,0.18608648941883835,0.5312185076457959,0.18608558061396893,0.11453285675556299,0.7328605247627663
175_MITDB_id_6_Medical_tr_27274_1st_27374.csv,228.9408266544342,0.030980712057451013,0.5150340845619344,0.0345447339402497,0.5600865156216479,0.06570379067777686,0.9137487475289083,0.2702702702702699,0.08114242225104523,0.7039084647339545
176_MITDB_id_7_Medical_tr_6232_1st_6332.csv,183.34721565246582,0.1533407434985713,0.5163286458650208,0.1597450856046684,0.5980395759740139,0.15784361855267956,0.9519334922010397,0.9245986881258774,0.32630930235322425,0.915203937207915
177_MITDB_id_8_Medical_tr_17675_1st_17775.csv,239.07592177391052,0.05272416305701262,0.5967361248643174,0.06490158513721989,0.6552525980119075,0.1069328451378272,0.9021936170566615,0.12363636363636332,0.10241897602138482,0.6942866759806788
178_SMD_id_1_Facility_tr_6000_1st_10609.csv,11.917701959609985,0.18229428855581514,0.6781185278159797,0.13486426251966332,0.7844771158122426,0.23917315202193995,0.9203539823008848,0.8571428571428567,0.3119967296175091,0.8665637799473989
179_SMD_id_2_Facility_tr_5925_1st_17580.csv,11.131341457366943,0.4568665837688765,0.9090102478403866,0.39080706208444366,0.9494911054766878,0.5285665411166209,1.0,0.9999999999999996,0.35825968728755947,0.9993333242228155
180_SMD_id_3_Facility_tr_5925_1st_17580.csv,11.652811050415039,0.7989592012451192,0.861106699220265,0.7464612888986308,0.8690673957254984,0.8476771411633947,1.0,0.9999999999999996,0.3786927499834777,0.9996366362237615
181_SMD_id_4_Facility_tr_5000_1st_15144.csv,9.563180446624756,0.45296616956531,0.9163327860182693,0.5223107424885118,0.9496508719352508,0.44511982952433476,1.0,0.9999999999999996,0.4128947255781395,0.9382652117625376
183_SMD_id_6_Facility_tr_5925_1st_17580.csv,11.145334959030151,0.8385019294201612,0.9719151340989093,0.8701924601414487,0.9959860801900633,0.8782001333699601,1.0,0.9999999999999996,0.3824891813611888,0.9997242628952985
184_SMD_id_7_Facility_tr_7119_1st_15849.csv,14.5080406665802,0.42595173424693844,0.7547007627893211,0.43209606275316376,0.7582127932382832,0.46012475811822806,0.9972165522360364,0.7067271352985633,0.22016440667571183,0.9442856896492626
185_SMD_id_8_Facility_tr_5000_1st_15144.csv,11.361437797546387,0.45824563183752953,0.8859229100271258,0.5490092498762779,0.9319157580611664,0.45230797096576086,0.9880304678998911,0.919117647058823,0.36500762391755565,0.9701141446264563
187_SMD_id_10_Facility_tr_5000_1st_15849.csv,8.005165815353394,0.3080936411332772,0.6675344773214986,0.33821836954262857,0.7077983208467191,0.3698710821319588,0.9785522788203753,0.8571428571428567,0.30031178593345514,0.9148530067548615
188_SMD_id_11_Facility_tr_500_1st_392.csv,5.198319911956787,0.3385964290859545,0.7215088816036827,0.2994529769200508,0.7142887072991343,0.41404335912432055,0.5654082528533801,0.2857142857142854,0.09919598675606277,0.6701406897789208
189_SMD_id_12_Facility_tr_5925_1st_17580.csv,10.966177463531494,0.5606159276351012,0.906201339115871,0.5059733306542445,0.9131803517574494,0.6300317911520324,1.0,0.9999999999999996,0.3604887983706721,0.9992201637945057
190_SMD_id_13_Facility_tr_7119_1st_15849.csv,12.786476135253906,0.3424733985815037,0.7083749767328167,0.37023496985586585,0.7505147567560202,0.3551593921043389,0.9983280698495264,0.7476635514018687,0.2226449231390441,0.9419746950504324
191_SMD_id_14_Facility_tr_4596_1st_4696.csv,8.869656801223755,0.49714584283058383,0.8417320500813269,0.6451157529753088,0.9459276576389517,0.6451564477470666,0.9225092250922509,0.6666666666666662,0.22495155485835563,0.9973638243102466
192_SMD_id_15_Facility_tr_5925_1st_17580.csv,17.413509607315063,0.7842403944577907,0.9860365853336788,0.8077756248115795,0.9881104174309387,0.8993660700012861,1.0,0.9999999999999996,0.3907465363024327,0.9996980954295978
194_SMD_id_17_Facility_tr_5925_1st_17580.csv,19.188376426696777,0.6031775481316322,0.9532446569656663,0.6318197903399035,0.9755785904729577,0.7080695341967975,0.9907692307692307,0.9275362318840574,0.4014892071398921,0.9985492251476118
195_SMD_id_18_Facility_tr_5925_1st_17580.csv,18.075613021850586,0.8494891408445999,0.9795375623109959,0.857629227825527,0.9929544972981416,0.8937450002232822,1.0,0.9999999999999996,0.3748351245929761,0.9997381595549073
196_SMD_id_19_Facility_tr_7174_1st_21230.csv,20.285999536514282,0.5874811935858221,0.8836779669812425,0.6075157177582506,0.9466912106773303,0.6511581709138922,1.0,0.9999999999999996,0.45997902831177917,0.9986242338536447
197_SMD_id_20_Facility_tr_5000_1st_15144.csv,14.028794527053833,0.46352425276726084,0.9203296627228601,0.5184602928688496,0.9493871660273063,0.454884250897178,0.9988998899889989,0.9791666666666661,0.3890584990261037,0.9498001928393447
198_SMD_id_21_Facility_tr_5925_1st_17580.csv,9.9402437210083,0.7443013799210331,0.9801765682688954,0.736019546306096,0.9936926645198609,0.7238556833199914,1.0,0.9999999999999996,0.44818791445313966,0.9988084387423494
199_SMD_id_22_Facility_tr_5925_1st_17580.csv,13.971387147903442,0.6708445833888026,0.9432800423822943,0.656170092501429,0.9526497692175223,0.7730447460196833,0.9938271604938271,0.9708737864077664,0.3521300839715031,0.9997408985296355
201_SMD_id_24_Facility_tr_7174_1st_21230.csv,13.271888971328735,0.4149994676559082,0.8262200395420269,0.38243815748817317,0.9378116824339765,0.5185136007479348,0.9696969696969697,0.7516778523489928,0.33740693301917163,0.7967694435127138
202_SMD_id_25_Facility_tr_6250_1st_21230.csv,11.718859672546387,0.5035746472050658,0.878790917112085,0.34140939327766434,0.9748282116766671,0.6464602020507574,1.0,0.9999999999999996,0.5480093676814989,0.9996291585565771
203_SMD_id_26_Facility_tr_7174_1st_21230.csv,13.27559232711792,0.4439923579482986,0.8160756983832287,0.5461478476114418,0.9233706873332671,0.6770138976451037,0.9576059850374065,0.7579737335834891,0.36083249330296224,0.7988433580830654
204_SMD_id_27_Facility_tr_5000_1st_15144.csv,9.69695496559143,0.3649332722869999,0.8430713939274794,0.4028458939991324,0.9097105790017658,0.40548603282873336,0.9858849077090119,0.8571428571428567,0.29232264481152015,0.906644556410143
205_SMD_id_28_Facility_tr_5925_1st_17580.csv,11.904932498931885,0.6907910829317943,0.9421022873880486,0.7572144163573187,0.9828885779027571,0.8096836465381398,1.0,0.9999999999999996,0.35842182084151863,0.9995820317547076
206_SMD_id_29_Facility_tr_6250_1st_21230.csv,11.482718706130981,0.462942439080109,0.8795662974495091,0.31800215906772533,0.9723578662894246,0.5510160100309404,0.9924812030075187,0.9795918367346933,0.4864864864864865,0.9994610621477483
207_SMD_id_30_Facility_tr_7174_1st_21230.csv,11.73638367652893,0.4291402431234584,0.8382922140203353,0.5718256815511882,0.9484618119354897,0.6296248765790907,0.96,0.7528344671201808,0.4066385744267,0.7986699931368184
208_SMD_id_31_Facility_tr_5000_1st_15144.csv,8.535005331039429,0.4215934488950792,0.9016195980326193,0.5570224140865392,0.9488706219686012,0.4650894424865944,0.9826839826839826,0.8659003831417619,0.398003665580762,0.9379993342396598
209_SMD_id_32_Facility_tr_5925_1st_17580.csv,13.721912384033203,0.13509885039486255,0.8158250010157609,0.14052414055335677,0.8264685784185976,0.2969138156480278,0.9698795180722891,0.47191011235955016,0.2528464136111162,0.8611445832766249
211_SMD_id_34_Facility_tr_5925_1st_17580.csv,10.179619073867798,0.7086298622628109,0.9640848046916017,0.6960219095224809,0.9683116997160364,0.7804828792696339,1.0,0.9999999999999996,0.3598445167337487,0.999536357804859
212_SMD_id_35_Facility_tr_5925_1st_17580.csv,5.95641303062439,0.6460878009251613,0.9671790498915378,0.7046665859857835,0.9830237233849934,0.7337612441307421,1.0,0.9999999999999996,0.3426969899474662,0.9978023496875096
213_SMD_id_36_Facility_tr_5925_1st_17580.csv,6.789543151855469,0.9146818070353768,0.9984974653467227,0.9718065195303127,0.9998542114506164,0.9020721612687876,1.0,0.9999999999999996,0.491719200769313,0.9996764447331565
214_SMD_id_37_Facility_tr_5925_1st_17580.csv,17.451399564743042,0.46474859306380617,0.8953443060136739,0.419871555251279,0.9444351742768635,0.5194762954560969,1.0,0.9999999999999996,0.37044534412955465,0.9993234379198006
215_SMD_id_38_Facility_tr_5925_1st_17580.csv,16.50026226043701,0.5726614229189818,0.9816210594412734,0.545917456582104,0.9886130440265215,0.6222172779713867,1.0,0.9999999999999996,0.3527119287612744,0.9988762316424069
216_LTDB_id_1_Medical_tr_500_1st_266.csv,31.135765552520752,0.10505729118566284,0.3438021845317919,0.14153716402180574,0.4558310674151603,0.25871331191118785,0.49934466910158504,0.2587065542940723,0.1972257755593817,0.6867376965148274
218_LTDB_id_3_Medical_tr_500_1st_266.csv,20.417843103408813,0.09640635030753905,0.2820899172773843,0.12954864119470763,0.3948646126034643,0.2587088068239194,0.3897757682015318,0.2587065542940723,0.18178003563643857,0.6867356481270351
219_LTDB_id_4_Medical_tr_3618_1st_3718.csv,49.856274366378784,0.3224021920231061,0.7104291662842206,0.3832275855062429,0.7915724686112865,0.4923254630699722,0.9161591619071662,0.6708294898176395,0.2842765574651232,0.8859303854824
220_LTDB_id_5_Medical_tr_500_1st_26.csv,19.660747528076172,0.4454179193831719,0.6287788513280976,0.5025038175562947,0.6861951205905199,0.48470909747985946,0.9893476621417798,0.7445338166987646,0.2878318198021121,0.8419325463556149
221_LTDB_id_6_Medical_tr_500_1st_26.csv,21.71505069732666,0.3345976782216062,0.5483633467668477,0.4033640803818866,0.6326448888074467,0.479872889931987,0.9128263405006131,0.5664588270482934,0.3073000184795386,0.7939004925159715
222_LTDB_id_7_Medical_tr_3618_1st_3718.csv,45.26808214187622,0.2892000062919037,0.6270831690330563,0.342606721421591,0.7207251327605644,0.341118231402589,0.9783064134621882,0.8820191743298761,0.3085033530997936,0.8476249606650788
223_LTDB_id_8_Medical_tr_4456_1st_4556.csv,40.3651077747345,0.14749887136943718,0.48399256599148877,0.19471486359549803,0.584462519847998,0.28356307155449695,0.8702374378796246,0.31582851532671513,0.21912792153962934,0.7391738153918074
224_LTDB_id_9_Medical_tr_4456_1st_4556.csv,37.073286294937134,0.20211045031889255,0.585798803878,0.25632195318012735,0.6744034778665716,0.29896955446221424,0.9357229717991777,0.4186046511627902,0.2204260150450131,0.7482093747409844
225_MGAB_id_1_Synthetic_tr_25000_1st_38478.csv,136.34357357025146,0.0016293678750614593,0.4451120240480962,0.0037228299220639664,0.6366823312917809,0.004176641161853092,0.009863756858393441,0.0041540481869589635,0.005783308013080156,0.667732495787075
226_MGAB_id_2_Synthetic_tr_20000_1st_45134.csv,101.30812573432922,0.002371014532955913,0.5883684394118278,0.0038404686103434504,0.7226965051866852,0.006691814902935434,0.039603960396039604,0.006630043568857731,0.007051063345843284,0.6671247934964533
227_MGAB_id_3_Synthetic_tr_25000_1st_44340.csv,135.08243989944458,0.0017446037309427802,0.4685711673346693,0.004326873781663533,0.6730309022508627,0.0041162031935516735,0.020411138649948972,0.004102410165972504,0.0046226503338541,0.6680440635513285
228_MGAB_id_4_Synthetic_tr_25000_1st_38948.csv,118.04827976226807,0.0018480395301458902,0.4742999498997996,0.004148258681859806,0.6518240645961475,0.004817199096428331,0.024813895781637715,0.005063291139240457,0.010407632263660016,0.6716002073641337
229_MGAB_id_5_Synthetic_tr_25000_1st_33098.csv,109.8760929107666,0.0019078686978140438,0.5031457915831663,0.00424395455747378,0.6979196266745917,0.004482642327322283,0.02041279201633023,0.0044261558145164024,0.007110484107950336,0.6685660599357888
231_MGAB_id_7_Synthetic_tr_25000_1st_35544.csv,154.42478442192078,0.001966012939591276,0.5136672595190381,0.004217176674793086,0.6910081125086807,0.004497099867901541,0.016824395373291272,0.004475394282236259,0.006202290076335879,0.6679406007486002
232_MGAB_id_8_Synthetic_tr_25000_1st_32708.csv,104.85003328323364,0.0016750328087015568,0.4508313376753507,0.003254171872152293,0.621055423862748,0.004029962315108911,0.027322404371584702,0.00402877067755602,0.004765687053216838,0.6683957733562419
233_MGAB_id_9_Synthetic_tr_25000_1st_41300.csv,133.33333611488342,0.0019433114599879612,0.5220755761523046,0.004651935226639061,0.716970973483732,0.0047200149048205785,0.013908205841446452,0.004691627949348633,0.005949370677232248,0.6669547328023206
234_SED_id_1_Medical_tr_3740_1st_3840.csv,27.998069763183594,0.028705503347996954,0.20923345939037413,0.05730459396700642,0.4550625120737011,0.09161092087260443,0.3565459610027855,0.11111111111111083,0.052822371828068364,0.674875437867978
236_SED_id_3_Medical_tr_3740_1st_3840.csv,39.14425492286682,0.021478582306832583,0.20328677425261332,0.045457392215993486,0.45329129438934856,0.07099039318212046,0.18918586032762652,0.07099107788762954,0.02976909108529256,0.6687250928980293
237_SVDB_id_1_Medical_tr_11587_1st_11687.csv,91.94952654838562,0.288986471773496,0.7551954112658162,0.28564532860367053,0.7712098666573338,0.41740190155668355,1.0,0.9999999999999996,0.3404093501699215,0.9868209085610326
238_SVDB_id_2_Medical_tr_25000_1st_71963.csv,117.40762066841125,0.04569356456128612,0.6295841620121252,0.019759303524251554,0.6491743629766286,0.06961006023867201,1.0,0.9999999999999996,0.34637964774951074,0.9993136861010157
239_SVDB_id_3_Medical_tr_50000_1st_106634.csv,249.0340826511383,0.12480383381046656,0.6642982928449538,0.06769791761849495,0.7008859816238423,0.15245767289060866,0.9154798761609907,0.8181818181818177,0.3093143425335571,0.8189543613958303
240_SVDB_id_4_Medical_tr_18462_1st_18562.csv,128.46406936645508,0.09854079673936929,0.5479968856416269,0.08833481452755501,0.6245435099232045,0.11489554602125557,0.8404255319148937,0.38872119561216184,0.1599904813950293,0.7189761766166575
241_SVDB_id_5_Medical_tr_11587_1st_11687.csv,80.35029673576355,0.18825036215075647,0.6443468179405265,0.2000459871158263,0.6626063668250909,0.39054667761807565,0.8664720413204581,0.5890857797760729,0.22023994477511627,0.7531040910963623
243_SVDB_id_7_Medical_tr_11393_1st_11493.csv,111.96306681632996,0.03501337998669839,0.5061882922446532,0.04245465462540367,0.5783775068435053,0.0670053773765784,0.8978633862091291,0.5630026809651469,0.16076403745460452,0.744489477546311
244_SVDB_id_8_Medical_tr_17803_1st_17903.csv,99.68485879898071,0.0473948708734574,0.5832338815990858,0.05714456191460928,0.6491004431750601,0.14479374597641645,0.7205723806723513,0.17620545964792908,0.07145485201124746,0.7486689517736729
245_SVDB_id_9_Medical_tr_12607_1st_12707.csv,79.30239057540894,0.2094557196612281,0.7623338839373601,0.24157814120587195,0.8210616471703228,0.3588753756259029,0.879446577602894,0.3666624953072203,0.16461082422115988,0.7692812766712004
246_SVDB_id_10_Medical_tr_20100_1st_68460.csv,92.29994297027588,0.010320259635780208,0.6323590334390218,0.014263023440565903,0.7323747071670489,0.026547862881450907,0.4123314065510597,0.117647058823529,0.05540304467182431,0.6833359110389107
247_SVDB_id_11_Medical_tr_20100_1st_23611.csv,115.30264973640442,0.10147440034211831,0.6068776676026062,0.044630630338213864,0.6671345635333008,0.13883725369485495,0.7759067357512953,0.7692307692307687,0.26220815753728277,0.8428718622359629
248_SVDB_id_12_Medical_tr_18462_1st_18562.csv,103.04225206375122,0.10122215847863716,0.6502609007791604,0.10326126326991775,0.7147827628994056,0.1879519791031466,0.9168044988422097,0.8666666666666661,0.282158392860281,0.8419019435260755
249_SVDB_id_13_Medical_tr_50000_1st_54982.csv,265.7807755470276,0.05548174445085281,0.5142441575748429,0.05893566729819382,0.598037789609398,0.10253950671709393,0.8947196516058792,0.7472527472527467,0.23198816380742004,0.8009496344206569
250_SVDB_id_14_Medical_tr_50000_1st_107354.csv,271.319620847702,0.061083335662073836,0.6323450323251646,0.05007716355926001,0.6439272142614864,0.09228620385653341,0.9876849198357989,0.7761194029850741,0.25590197360731914,0.8244531607662015
251_SVDB_id_15_Medical_tr_5421_1st_5521.csv,78.39619779586792,0.17837856946049138,0.6499806856935624,0.19148354188706002,0.7200041640521099,0.35718122344689096,0.9487032173342087,0.9426751592356682,0.3203228986019202,0.9229723455605913
253_SVDB_id_17_Medical_tr_17803_1st_17903.csv,118.56804966926575,0.03265840699603514,0.5161074217300248,0.04293629720297871,0.6009204214144819,0.06632549087201747,0.7512315270935962,0.07551394260126187,0.05451845612562338,0.693152724560749
254_SVDB_id_18_Medical_tr_30824_1st_30924.csv,221.68549370765686,0.04641092468516139,0.6082122729159242,0.05709787726132728,0.6706739374120249,0.09317759012908605,0.9122433280075746,0.18181818181818135,0.08576589095692143,0.6977308024700327
255_SVDB_id_19_Medical_tr_50000_1st_54982.csv,212.20857429504395,0.05965295260436308,0.5563513156021227,0.06619498484765385,0.6398343954339097,0.12905462236823037,0.9166488565932891,0.7435508345978752,0.22962956206506763,0.8307904366513051
256_SVDB_id_20_Medical_tr_6264_1st_6364.csv,66.1689600944519,0.03337942080397994,0.48785172524244413,0.04187272724636604,0.5597816980816854,0.06397818708580452,0.8649132910987393,0.1016949152542369,0.07002476936057861,0.6710680618396194
257_TAO_id_1_Environment_tr_500_1st_3.csv,3.165915012359619,0.12736503995331605,0.6400181624689277,0.8823380280111112,0.9663468454842119,0.23189392558135977,0.23875516654510087,0.22581774882678393,0.16651949544071645,0.6835148612137061
258_TAO_id_2_Environment_tr_500_1st_4.csv,4.875472545623779,0.1453842071586777,0.5435686724503177,0.9351974894073176,0.9757661673421985,0.2643710645563684,0.26434676434676435,0.2528835849707111,0.20021437975523804,0.6875058235529474
260_IOPS_id_1_WebService_tr_5000_1st_11804.csv,22.18179726600647,0.48164234519718824,0.9996569026890253,0.20308247764309448,0.9983599972061002,0.742852342888158,0.8235294117647058,0.6999999999999995,0.3380281690140845,0.9996902887240081
261_IOPS_id_2_WebService_tr_2178_1st_2278.csv,5.066877841949463,0.0020278495247985843,0.7968595731753627,0.12611721700550038,0.9801503500601257,0.00545940005233381,0.006772009029345372,0.005102040816326521,0.016566265060240965,0.9934271084760675
262_IOPS_id_3_WebService_tr_7028_1st_7128.csv,63.621004819869995,0.14087037695885501,0.8157118350783166,0.1196874216577343,0.7942119803041668,0.23370711018412674,0.8483671668137688,0.3165863730213347,0.17059812088002912,0.8342581055132885
263_IOPS_id_4_WebService_tr_3482_1st_3582.csv,43.65272521972656,0.0794704092048459,0.7953281775259856,0.41611357941077537,0.9741747815470984,0.20057474559652058,0.2848167539267015,0.17821782178217774,0.06893548136438753,0.6694400419294364
264_IOPS_id_5_WebService_tr_11665_1st_11765.csv,38.02160716056824,0.04104248997604501,0.5037728318285469,0.04087030350952789,0.5102037409179881,0.14150444956993455,0.9955506117908787,0.3333333333333328,0.11363684243790423,0.9932980329877459
266_IOPS_id_7_WebService_tr_4010_1st_4110.csv,23.07477855682373,0.07355753793133558,0.6120714088047667,0.057537649396165694,0.6152516283557595,0.16541554487011656,0.6998892580287929,0.363759909399773,0.24062153443709292,0.9174635499224739
267_IOPS_id_8_WebService_tr_1534_1st_1882.csv,3.2701869010925293,0.006345133418820851,0.3703601494550472,0.17535457998438894,0.8998171864547265,0.017272111644896126,0.041666666666666664,0.017124394184167994,0.028274827380129538,0.8051495445572794
268_IOPS_id_9_WebService_tr_6216_1st_6316.csv,40.88311791419983,0.1583808609927975,0.6732896670292909,0.15937515623147253,0.6956062783148315,0.2380731643376396,0.968236582694414,0.3515889114266392,0.1648982976553639,0.9607917844697651
269_IOPS_id_10_WebService_tr_1216_1st_1728.csv,5.169712781906128,0.08339343165360605,0.8578800421974893,0.09316328477057655,0.8919539099106499,0.1980148065175544,0.8037383177570093,0.2608695652173909,0.13733228097868982,0.9005290900498768
271_IOPS_id_12_WebService_tr_500_1st_341.csv,2.3859810829162598,0.05791136892099554,0.47494351001702656,0.14334347466879788,0.872195476600376,0.11428287354000059,0.36619718309859156,0.18181818181818163,0.0712401055408971,0.7247355379152752
272_IOPS_id_13_WebService_tr_3442_1st_3542.csv,40.71751141548157,0.300842255060306,0.9474818762811179,0.8764053312951345,0.9966770914952797,0.4737994895984184,0.5998770743700063,0.4964647276233322,0.3454435718584099,0.9187890313706604
273_IOPS_id_14_WebService_tr_5569_1st_5669.csv,53.20956110954285,0.08260081579445701,0.7458443760624688,0.3309080987295883,0.9704245747951648,0.2118076329419564,0.5201581027667984,0.25948908050608377,0.11834342061028126,0.8664309568134925
274_IOPS_id_15_WebService_tr_4591_1st_4691.csv,46.953306913375854,0.18422284610232645,0.7175396230010549,0.3394210143826026,0.8530331480387664,0.27149963602419,0.9459656277308476,0.40822429906542007,0.2499270883247374,0.8414363695263364
275_IOPS_id_16_WebService_tr_1482_1st_1582.csv,3.600301742553711,0.007947486412408953,0.3161077101885963,0.13306380392559441,0.9007528368522413,0.04307350862569426,0.07874015748031496,0.05072463768115927,0.10057471264367816,0.6687501358444881
276_IOPS_id_17_WebService_tr_19197_1st_19297.csv,87.13778424263,0.11894833658329283,0.6526329213286892,0.14394008358492746,0.6913576282133462,0.1934919120122817,0.5021670037561399,0.1607142857142854,0.05378599487097055,0.6731432885943132
277_NEK_id_1_WebService_tr_500_1st_17.csv,0.8251025676727295,0.8171693988169342,0.9853830179972312,0.9755054993900172,0.9980856930309209,0.8075068879922654,0.8789808917197451,0.6666666666666662,0.2863740707603827,0.6951264606075392
278_NEK_id_2_WebService_tr_500_1st_64.csv,0.8304433822631836,0.09560702778035093,0.6095543345543346,0.22991110733509335,0.7742274048779088,0.19428104501017876,0.6022727272727273,0.2272727272727269,0.12085368989457444,0.7038724600279079
279_NEK_id_3_WebService_tr_500_1st_974.csv,1.9820857048034668,0.26616719304159114,0.7062733600411807,0.34134398759790047,0.7460029031665012,0.397585407958362,0.9891304347826088,0.6999999999999995,0.2985037013702945,0.9592765666729008
281_NEK_id_5_WebService_tr_500_1st_974.csv,1.9504857063293457,0.26971857566273644,0.6922185048454084,0.41772387236513914,0.7610305714607061,0.4496991506453663,0.9832402234636871,0.6760563380281686,0.35283186302656994,0.9675015385807814
282_NEK_id_6_WebService_tr_500_1st_64.csv,1.1197452545166016,0.05009521235805291,0.43444915920163446,0.16498975254283466,0.705277442805674,0.11184721824985916,0.32592592592592595,0.11101321585903073,0.062439496611810266,0.8013990437646277
283_NEK_id_7_WebService_tr_500_1st_777.csv,2.0302164554595947,0.2285900672284177,0.6753410283315845,0.3106853812850377,0.7387269176948419,0.3053725147896071,0.9375,0.5789473684210521,0.2548691832212417,0.9206776521073775
284_NEK_id_8_WebService_tr_500_1st_976.csv,2.1247875690460205,0.23146739027044896,0.7125011418653513,0.32342299055727475,0.7701468467158249,0.3475134105964295,0.9726775956284154,0.5833333333333329,0.3912087912087912,0.9631400741030287
285_NEK_id_9_WebService_tr_500_1st_780.csv,2.7050681114196777,0.1878694893586545,0.6753214354250624,0.23037334287083433,0.7309351243983038,0.2693227475528662,0.8787878787878789,0.4637681159420286,0.22740758559858873,0.8824587690097914
286_CATSv2_id_1_Sensor_tr_17792_1st_17892.csv,128.51544713974,0.14224741674627822,0.5277874722811873,0.10442575009309828,0.5506393492162004,0.14765178279602334,0.5346269986634326,0.19042944785276053,0.04186712683423155,0.6778056050950102
287_TODS_id_1_Synthetic_tr_500_1st_11.csv,1.069279670715332,0.04968795009868893,0.4889617335244596,0.8253649667947939,0.9393179488645428,0.10204816787570598,0.10016381933068103,0.10017825558576435,0.09446108399764093,0.6714321563232766
288_TODS_id_2_Synthetic_tr_500_1st_65.csv,3.190652370452881,0.053459094891545204,0.358687829841676,0.6074237384580602,0.891365651390166,0.12801718626755085,0.7434944237918216,0.12666291924302028,0.187709860467056,0.6715592852190527
289_TODS_id_3_Synthetic_tr_500_1st_26.csv,1.153583288192749,0.052871591082196634,0.5448646887725422,0.6616679360416756,0.9202741451294962,0.10998937596667878,0.17171717171717174,0.0993055555555552,0.10127346991112728,0.6806565763755665
290_TODS_id_4_Synthetic_tr_500_1st_26.csv,1.0446667671203613,0.12047504654086107,0.42559482375715146,0.5556146228143899,0.8655040480637993,0.16318482828800546,0.3973509933774835,0.15806927044952085,0.1459593307605438,0.6786985701724741
292_TODS_id_6_Synthetic_tr_500_1st_11.csv,2.338413715362549,0.05150544520837112,0.4973889927794069,0.822313051799992,0.9368563468370531,0.10291410798139024,0.10344827586206898,0.10262143066820535,0.0893907735728514,0.6714244760180218
293_TODS_id_7_Synthetic_tr_500_1st_7.csv,2.267411231994629,0.06546676731396306,0.43790556871272546,0.39600174418615053,0.8002775352067627,0.16409797659110154,0.21505376344086025,0.20216606498194897,0.14225136209763753,0.6921076212012706
294_TODS_id_8_Synthetic_tr_500_1st_200.csv,2.102864980697632,0.21156892958390594,0.5021765142582646,0.36914318247625394,0.713548470429743,0.2810767969973639,0.567741935483871,0.4351895180159097,0.2348400601426436,0.7263003144330058
295_TODS_id_9_Synthetic_tr_1250_1st_2046.csv,4.68036150932312,0.11477945749788562,0.4118988820290339,0.21883254467293095,0.598215552615342,0.18929724132728787,0.4805914972273567,0.4263322884012534,0.33298748693232516,0.6831117361956267
296_TODS_id_10_Synthetic_tr_500_1st_26.csv,1.7600047588348389,0.04986511760971432,0.5599151253495561,0.7683914526889621,0.9285263165632689,0.10535738386163729,0.13245033112582782,0.10416626686368928,0.1324344188007632,0.6717695019810538
297_TODS_id_11_Synthetic_tr_500_1st_7.csv,2.62404727935791,0.21084724709943423,0.5736430986938748,0.6586597314131287,0.8321295916878223,0.35144431645570884,0.47236180904522607,0.40326191237607883,0.3183954468877664,0.7383724771043028
298_TODS_id_12_Synthetic_tr_500_1st_0.csv,1.5235741138458252,0.09684367928604307,0.43421853383180725,0.6793699930925656,0.8743433554749619,0.20631145281137817,0.7663230240549829,0.20883534136546136,0.1966009660218602,0.6722957435575554
299_TODS_id_13_Synthetic_tr_500_1st_65.csv,2.527041435241699,0.12057549206363039,0.5799821949003924,0.7266873240415878,0.9170848161501299,0.27819048909431915,0.5139949109414758,0.1353737492642727,0.08964977461040274,0.6715333217847733
301_TODS_id_15_Synthetic_tr_500_1st_245.csv,2.1886889934539795,0.14920242698394984,0.4296689515914767,0.32978007819002775,0.6542399836594115,0.22387700078175984,0.44692737430167595,0.3703703703703699,0.2557082349950834,0.7004768612926511
302_Power_id_1_Facility_tr_7685_1st_7785.csv,38.28517436981201,0.07292423721553441,0.42110585205992507,0.07547955869702676,0.43639036738729575,0.1577761974262145,0.9468202619536057,0.27586206896551685,0.13827142834570105,0.6904715779467131
304_UCR_id_2_Medical_tr_2499_1st_7000.csv,9.386064529418945,0.007180222536470797,0.5550241254523521,0.00892464737129168,0.6363703356681014,0.028567347521782603,0.8264462809917354,0.08695652173913035,0.08463949843260188,0.8467479635345814
309_UCR_id_7_Medical_tr_3000_1st_5948.csv,6.5300891399383545,0.00904228636485928,0.7824359868023607,0.015420764849930406,0.8644506690161857,0.02676363196885094,0.19027484143763213,0.02662363856393704,0.03802871556072953,0.6733203947552221
326_UCR_id_24_Medical_tr_1875_1st_4187.csv,8.759388446807861,0.002139029745340262,0.6121867628076735,0.11625314325878437,0.892830330411256,0.007183406424543588,0.009273570324574962,0.00710689961504293,0.012924071082390954,0.9977336177018544
346_UCR_id_44_Medical_tr_7456_1st_17390.csv,5.666691303253174,0.003963811175492755,0.42451806511107426,0.004468700432873549,0.4651451947790263,0.012415765012643416,0.6032482598607889,0.012408347433728132,0.014403955713210792,0.666673033825809
361_UCR_id_59_Medical_tr_3000_1st_7175.csv,3.9714810848236084,0.017488581318367474,0.5138875446053203,0.024256535122143392,0.6035611946989792,0.03901323367060379,0.4590517241379311,0.038072093965168044,0.04811726591959212,0.6689146954400877
371_UCR_id_69_Medical_tr_1853_1st_6200.csv,7.011514663696289,0.07344807492449816,0.6185458531238583,0.05550964560425268,0.6820934211836651,0.08159764998768035,1.0,0.9999999999999996,0.3778625954198474,0.9893491000913593
382_UCR_id_80_Medical_tr_7500_1st_11800.csv,44.71391248703003,0.044355692112981446,0.6745118406285073,0.02807552077269383,0.721040323539843,0.06333020794450062,1.0,0.9999999999999996,0.341930729550479,0.999110737692919
391_UCR_id_89_Medical_tr_1875_1st_5759.csv,11.31728720664978,0.08571764810447158,0.5409111035422344,0.063843847947023,0.6032606526615596,0.13526219057393676,1.0,0.9999999999999996,0.35390946502057613,0.9947172390914248
396_UCR_id_94_Medical_tr_1875_1st_5607.csv,7.018354654312134,0.007817796359997116,0.6763347505921763,0.015531975658848505,0.8495861208645401,0.021504455467807517,0.23275862068965517,0.02191780821917806,0.053540587219343704,0.8983466447257696
415_UCR_id_113_Medical_tr_3000_1st_8612.csv,4.6013734340667725,0.03746557997179817,0.716918421188764,0.04228082083385171,0.8311466719965699,0.09374695322402021,0.9811320754716981,0.5714285714285711,0.3157894736842105,0.707424271072231
436_UCR_id_134_Medical_tr_1875_1st_4526.csv,5.017423868179321,0.003395349941083447,0.4233034399678758,0.008796340026267748,0.674480532030199,0.009336883166516534,0.03009027081243731,0.008702746804460147,0.018421052631578946,0.6762352930784125
437_UCR_id_135_Medical_tr_2499_1st_8000.csv,7.529395818710327,0.00189404564786232,0.30392660182492737,0.0025361473000620415,0.3951496809240794,0.00507248668693405,0.08849557522123894,0.005070993914807296,0.020574785944705652,0.9930486072034364
307_UCR_id_5_Facility_tr_29895_1st_39240.csv,133.7297399044037,0.0012448217903757925,0.583581884743285,0.002339621009816382,0.7313818949334073,0.004064112843181817,0.2093784078516903,0.004201680672268902,0.00922509225092251,0.8352744123710679
331_UCR_id_29_Facility_tr_50000_1st_837400.csv,351.8633677959442,0.0018740811230337354,0.5043456718900408,0.001929089436514121,0.5009911852508528,0.004139521655110413,0.5825908156271419,0.004224837167734156,0.003496016123867468,0.6743128005312289
332_UCR_id_30_Facility_tr_13750_1st_52600.csv,93.18088865280151,0.003135458963395967,0.4538548357664234,0.004186427760441522,0.5424956910912704,0.007403852580544194,0.07600228006840205,0.007246508088914646,0.01002757583354224,0.9647218929335375
349_UCR_id_47_Facility_tr_29954_1st_74900.csv,198.64763736724854,0.0012959746381612965,0.6238565184495322,0.0023374472426821906,0.7466145884176024,0.004527484981374435,0.05001302422505861,0.0044129601672279585,0.006814635544374742,0.6700508760753525
358_UCR_id_56_Facility_tr_10500_1st_29080.csv,50.73926377296448,0.0010821743960624482,0.3857586234302972,0.0024591144648704504,0.5095887639892073,0.002979426111921866,0.0028531348819515437,0.0028531348819515407,0.0033795201081446434,0.8219755641506751
406_UCR_id_104_Facility_tr_20000_1st_67950.csv,85.26755380630493,0.006461202526785078,0.739204789968652,0.008455639900796213,0.8008873404674025,0.017733653715510354,0.4355400696864112,0.017909744314834435,0.013311714202174318,0.6726099603284658
419_UCR_id_117_Facility_tr_3000_1st_6168.csv,2.5239439010620117,0.002334587738049093,0.2584419386234374,0.013012089708207842,0.6509583568263362,0.007322276853933226,0.015182884748102138,0.007307149381383367,0.003845145503801451,0.6824674162701685
420_UCR_id_118_Facility_tr_13750_1st_52600.csv,74.72566318511963,0.33428142517318893,0.7869318430656935,0.15540646001105024,0.8447807898448669,0.39609934226857935,1.0,0.9999999999999996,0.42022116903633494,0.9991081826431931
432_UCR_id_130_Facility_tr_23000_1st_26970.csv,108.27645206451416,0.004660568507892491,0.5858453289712832,0.0058063228254067525,0.6744546039842357,0.012628962629260875,0.9538950715421304,0.09756097560975599,0.09787508048937539,0.6844728386496834
452_UCR_id_150_Facility_tr_10000_1st_35774.csv,51.35606908798218,0.01952122890179551,0.7383238095238095,0.018238904299564176,0.8169668362270295,0.06474686613177762,0.9852216748768473,0.39999999999999963,0.22707423580786026,0.7976503253608319
471_UCR_id_169_Facility_tr_10000_1st_35774.csv,35.788687229156494,0.009448485344572885,0.5770218045112783,0.004541145419576156,0.6541543118919806,0.03333055578701775,0.9950248756218906,0.6666666666666662,0.29378531073446335,0.8015203489239581
494_UCR_id_192_Facility_tr_22500_1st_72150.csv,92.35154747962952,0.013758741676965499,0.5208816889865256,0.008522597849010393,0.5760571912786295,0.0367436957004102,1.0,0.9999999999999996,0.3365477338476374,0.9988448830252613
500_UCR_id_198_Facility_tr_7482_1st_23357.csv,52.40570831298828,0.00814307830681924,0.33792083272275014,0.009271881027330233,0.38291440960505685,0.02381007592140664,0.2698650674662668,0.023770221195113874,0.032022771748799146,0.6772463927195235
517_UCR_id_215_Facility_tr_7482_1st_24005.csv,57.84234595298767,0.0028300173094219245,0.5789330222415725,0.004908622945705213,0.7233443262609124,0.007621962351838112,0.0769641902725815,0.007380073800737999,0.00789830926817228,0.9137182182639642
525_UCR_id_223_Facility_tr_50000_1st_250720.csv,258.48703479766846,0.0029918459722973723,0.5722081351155364,0.0032316819009954173,0.6054420796180859,0.0168665399082943,0.6922257720979765,0.02193995381062353,0.01403810034880601,0.7451394837266017
310_UCR_id_8_HumanActivity_tr_2631_1st_8285.csv,5.138312578201294,0.004527724392511775,0.6522616098087797,0.004833631727610057,0.6851047133732456,0.01058054945851393,0.17857142857142855,0.010869565217391292,0.013801501928151003,0.6666955494582841
311_UCR_id_9_HumanActivity_tr_16000_1st_38400.csv,81.572190284729,0.012177209314468073,0.4745506625791139,0.012600041381868557,0.487408094940708,0.029437758572966627,0.32441200324412,0.030038333438069473,0.0431709361900326,0.9512879865146585
315_UCR_id_13_HumanActivity_tr_16000_1st_33070.csv,62.20253658294678,0.0031750660973178663,0.7352540588226925,0.004072383679034365,0.7899332991680836,0.009185820547108842,0.071731333550701,0.008587003714602722,0.021365341621420633,0.911671840657492
334_UCR_id_32_HumanActivity_tr_1671_1st_2764.csv,5.090543746948242,0.023942829270467366,0.33823323223602164,0.029820875258558636,0.41412319426289773,0.067543207027697,0.8901734104046243,0.06682094301417407,0.05568720379146919,0.6671436135141934
341_UCR_id_39_HumanActivity_tr_48812_1st_128430.csv,359.6472706794739,5.928139097855792e-06,0.13604679153286314,1.079732170820133e-05,0.3890470374940014,1.1856089350271256e-05,1.0243277848911652e-05,1.024327784891164e-05,8.053183221998075e-06,0.6666670650445128
355_UCR_id_53_HumanActivity_tr_48750_1st_143411.csv,219.9840226173401,0.002812654121788524,0.5745287839917906,0.0017587319790343717,0.6731922731194088,0.03487885411337953,0.9090909090909091,0.13793103448275848,0.22707423580786026,0.6744713754989391
381_UCR_id_79_HumanActivity_tr_16000_1st_31200.csv,51.33629655838013,0.010193463700861773,0.5086609070487523,0.010662327894821676,0.526101074032763,0.023885136074398523,0.41230574056454167,0.024240610504264525,0.039223211378870956,0.8414042087507237
401_UCR_id_99_HumanActivity_tr_1671_1st_5920.csv,3.875852108001709,0.00817752969290539,0.4846127278541733,0.019740660592743372,0.6713012997246882,0.019244716801069466,0.16619718309859155,0.018431108114182942,0.02954971857410882,0.8563890875023064
421_UCR_id_119_HumanActivity_tr_48750_1st_130700.csv,211.82137870788574,0.03378970321019732,0.4617485317497101,0.01058760844246786,0.4692056239324142,0.061421168551799,1.0,0.9999999999999996,0.3408323959505062,0.9994288243139747
430_UCR_id_128_HumanActivity_tr_12500_1st_46500.csv,44.36255192756653,0.0064061593991770905,0.5407828638497651,0.007087846058825964,0.5755863237747765,0.015377531798221216,0.2592912705272256,0.015338599585857794,0.021227309101629954,0.6974451522184029
439_UCR_id_137_HumanActivity_tr_48750_1st_110800.csv,336.4872610569,8.21186614658181e-06,0.3755147462294678,0.3973473629277987,0.8797525217418021,1.642343319179666e-05,1.0256410256410256e-05,1.0256410256410244e-05,6.669756987404164e-06,0.9998461538198508
459_UCR_id_157_HumanActivity_tr_50000_1st_110260.csv,457.4566743373871,0.00038717646905058595,0.05898798876619918,0.0007411600921443431,0.23547817730049106,0.0015188760321918407,0.004085417478598594,0.001518853265784331,0.0009231367214070548,0.6775217822954718
473_UCR_id_171_HumanActivity_tr_2617_1st_7290.csv,16.67154812812805,0.0005659444112000807,0.4344612247498885,0.003778721816971051,0.7444614486336769,0.0013653293984661433,0.003984063745019919,0.0011785503830288732,0.0022229959557543456,0.6666930443533833
516_UCR_id_214_HumanActivity_tr_2108_1st_4702.csv,12.411077499389648,0.000781868521256105,0.5569241723033107,0.0016923855689552003,0.7054333216933909,0.0025341865503568295,0.0029010733971569485,0.0024131274131274105,0.0009707795359673818,0.6666781762031605
530_UCR_id_228_HumanActivity_tr_16250_1st_38500.csv,74.15491127967834,0.0046869902465828716,0.5191928129829985,0.004859711046716239,0.5321294919868302,0.012597110748547654,0.2881844380403459,0.012690355329949226,0.014372845399098381,0.6941760149984769
319_UCR_id_17_Environment_tr_6166_1st_19280.csv,20.51819086074829,0.0449080503198625,0.7418240196678499,0.025577358355583748,0.7679100886565188,0.0655715728288888,1.0,0.9999999999999996,0.347107438016529,0.9990066077986514
385_UCR_id_83_Environment_tr_2046_1st_6006.csv,12.829765796661377,0.012782841714410588,0.6714678588987217,0.016122478592441803,0.726479346022281,0.03814486541775291,0.8,0.07692307692307684,0.1368421052631579,0.6926383330105171
387_UCR_id_85_Environment_tr_2046_1st_5549.csv,11.181355953216553,0.03989416352338121,0.613213393149787,0.04602764760316305,0.6941896979419682,0.11199526931982393,0.9795918367346939,0.4999999999999996,0.3023255813953488,0.8589297059457763
393_UCR_id_91_Environment_tr_2046_1st_4852.csv,17.07235884666443,0.0070159368120596335,0.5600545927564733,0.008110591616740225,0.6145477737097991,0.018691127736906628,0.16871704745166963,0.018271257905832727,0.04136690647482014,0.7144573804172395
400_UCR_id_98_Environment_tr_2046_1st_5391.csv,18.227139472961426,0.00012291052114060964,0.005865819381644877,0.0022126037799365186,0.786823346477597,0.00024578837442028475,0.00024437927663734115,0.0002443792766373409,0.0001249765668937074,0.8255742867789088
411_UCR_id_109_Environment_tr_2046_1st_4852.csv,19.41227388381958,0.00609501791047214,0.503436373320223,0.006506282961788156,0.5306561278836837,0.014886239358819896,0.32323232323232326,0.01608579088471848,0.03245942571785268,0.8020180742992874
445_UCR_id_143_Environment_tr_6166_1st_19280.csv,30.135672092437744,0.06311097988590861,0.6783716132125515,0.02402794543620722,0.7027649592006161,0.09467354785570332,1.0,0.9999999999999996,0.35390946502057613,0.9990337086060798
463_UCR_id_161_Environment_tr_2046_1st_6006.csv,18.658015251159668,0.007623978558124283,0.6094185308095708,0.009653463930314906,0.6688259883461442,0.0194801791630076,0.11214953271028036,0.018947368421052612,0.026332288401253918,0.6892085136714706
467_UCR_id_165_Environment_tr_6166_1st_19280.csv,27.252036571502686,0.06098666195528089,0.6827588801158853,0.023939463240335492,0.7063707238409148,0.09411653980541407,1.0,0.9999999999999996,0.35390946502057613,0.9990337086060798
474_UCR_id_172_Environment_tr_2046_1st_6520.csv,10.776846408843994,0.0033540167963642736,0.5714562908496732,0.005643207561058948,0.6879349597712253,0.009538032855812378,0.035346097201767304,0.009261641368664768,0.00981092937532411,0.6795557989566862
495_UCR_id_193_Environment_tr_2046_1st_6520.csv,11.944845199584961,0.00441050281832271,0.6317963643790849,0.006553593041904595,0.7328118064908575,0.011087683989807732,0.0642570281124498,0.010869565217391292,0.012307692307692308,0.6778918590793235
496_UCR_id_194_Environment_tr_2046_1st_5391.csv,12.908004522323608,0.00033311125916055963,0.6332640840767445,0.002054443147509382,0.8244447839939302,0.0006659940082783455,0.0006540222367560497,0.0006540222367560491,0.0014295925661186562,0.8255742867789088
499_UCR_id_197_Environment_tr_2046_1st_5703.csv,11.881397724151611,0.005932821038588665,0.6467728758169935,0.00881365058194201,0.7573350006368185,0.022823875102848307,0.14953271028037382,0.02285714285714283,0.029962546816479398,0.6946135074814961
504_UCR_id_202_Environment_tr_2046_1st_5549.csv,10.609792709350586,0.010052597219103489,0.6103915724352672,0.02652448307074249,0.6890348593000623,0.03333013364050385,0.8807339449541284,0.1333333333333332,0.18840579710144928,0.9935850402315934
506_UCR_id_204_Environment_tr_2046_1st_5549.csv,11.301103115081787,0.01064389809333966,0.5856993608652902,0.015373718614407039,0.6790421173235996,0.035709388426730056,0.888888888888889,0.14285714285714274,0.12807881773399016,0.7812194478125344
313_UCR_id_11_Sensor_tr_2827_1st_4711.csv,11.350446224212646,0.00861779991912609,0.5146384423528555,0.013119876458927558,0.6306764174138018,0.022432322231362472,0.20227038183694532,0.022361359570661873,0.05930470347648262,0.6707335803589293
316_UCR_id_14_Sensor_tr_2833_1st_5988.csv,11.88801908493042,0.006133730066670052,0.35233750065367636,0.017428415629259522,0.545842840471162,0.01708631993948955,0.4311111111111111,0.01697287839020121,0.01958759344242267,0.9556593155033168
339_UCR_id_37_Sensor_tr_2750_1st_5400.csv,11.662842035293579,0.06763113210630421,0.37323425925925924,0.037188500261789166,0.4432900498935518,0.10091591619141664,1.0,0.9999999999999996,0.37662337662337664,0.9932769202327537
344_UCR_id_42_Sensor_tr_2851_1st_5365.csv,6.825179100036621,0.004783251395376378,0.803950487226758,0.008079075138311326,0.8943827609726835,0.017265764722301756,0.06593406593406592,0.017316017316017295,0.035264483627204024,0.671795733789454
364_UCR_id_62_Sensor_tr_2833_1st_5988.csv,14.432473182678223,0.006479373963124271,0.3930002963332658,0.012716786840891302,0.5749315780732963,0.01761931374470668,0.22850412249705537,0.01697287839020121,0.019267455169782524,0.7169077451437331
369_UCR_id_67_Sensor_tr_2750_1st_5400.csv,26.79445457458496,0.048010578584931414,0.4058,0.029233349995539275,0.45652316837178814,0.06556881401496971,1.0,0.9999999999999996,0.3606557377049181,0.9933107789189204
373_UCR_id_71_Sensor_tr_2827_1st_5988.csv,20.248826503753662,0.013550365678257249,0.5627848937025215,0.017431650823252938,0.6675890905951448,0.036194170322617195,0.9463414634146341,0.15999999999999984,0.14490674318507893,0.6682864968831382
405_UCR_id_103_Sensor_tr_2827_1st_5988.csv,12.789361953735352,0.03046070698198519,0.4824449845374618,0.02674067142373294,0.6392987499913163,0.04040364452994753,1.0,0.9999999999999996,0.3447098976109215,0.9974283918880313
417_UCR_id_115_Sensor_tr_2750_1st_5400.csv,19.64315390586853,0.06836719889687994,0.399112037037037,0.047572514686534756,0.462956026719239,0.11904434375350517,1.0,0.9999999999999996,0.3498349834983499,0.9932660941859052
426_UCR_id_124_Sensor_tr_2827_1st_4711.csv,13.865458965301514,0.045615076567017715,0.48329024741029325,0.02764196025051441,0.6008431293047509,0.07692198966033845,1.0,0.9999999999999996,0.3557046979865772,0.9969288308829448
449_UCR_id_147_Sensor_tr_2847_1st_9330.csv,17.537107706069946,0.007311170954438192,0.9198101599578133,0.008847332603360162,0.9414087162160168,0.023528952258108842,0.06688963210702341,0.021978021978021955,0.06047516198704104,0.6691667719144477
493_UCR_id_191_Sensor_tr_2847_1st_9330.csv,17.74558734893799,0.001015192841198026,0.5382580418351204,0.004479566081152786,0.7798820523395523,0.003516139302674119,0.004274417610600555,0.003448275862068961,0.011261911637308691,0.6678760884275606
526_UCR_id_224_Sensor_tr_2827_1st_4711.csv,21.057071208953857,0.02388165730113228,0.4903639243386918,0.025469306107319765,0.5869093090286391,0.12643186173194262,0.9289099526066351,0.24999999999999975,0.2408500590318772,0.9131129602150178
531_SMAP_id_1_Sensor_tr_1811_1st_4510.csv,5.994529724121094,0.4018259470587834,0.3970463785950779,0.37971923187482726,0.46762310443783633,0.5663676216126238,1.0,0.9999999999999996,0.4050387596899224,0.9984373093043674
532_SMAP_id_2_Sensor_tr_2075_1st_5550.csv,6.805295944213867,0.1258955386737608,0.5452491954818707,0.11282420533377768,0.5877813383502869,0.14748763180297478,1.0,0.9999999999999996,0.35827876520112256,0.9882654145331367
533_SMAP_id_3_Sensor_tr_2052_1st_5300.csv,3.9908108711242676,0.9511663747586477,0.9642611276009208,0.9522464556484537,0.9678750453046623,0.9555505627875756,1.0,0.9999999999999996,0.35274607296870975,0.9998981943116018
534_SMAP_id_4_Sensor_tr_1968_1st_4370.csv,4.051761150360107,0.6298639852181666,0.8137254901960784,0.6323824620071337,0.8143621324462066,0.7710795993904134,1.0,0.9999999999999996,0.8248847926267281,0.9995951785138187
536_SMAP_id_6_Sensor_tr_2160_1st_5600.csv,4.102335691452026,0.32437296867353616,0.6572737318233521,0.3087908472809382,0.7488736287831724,0.4696933758309879,1.0,0.9999999999999996,0.5446685878962536,0.9982062445649205
537_SMAP_id_7_Sensor_tr_2077_1st_5394.csv,4.506629228591919,0.574453051693483,0.7821203298186423,0.5740056024166927,0.8103037221538513,0.696051146395078,1.0,0.9999999999999996,0.44922737306843274,0.9991903895944699
538_SMAP_id_8_Sensor_tr_2007_1st_3650.csv,4.774987459182739,0.5236567788257687,0.9222494985451559,0.5396897169816456,0.924392705927629,0.7499950000333331,0.9403508771929824,0.8640350877192977,0.3387723468575809,0.942016468984532
539_SMAP_id_9_Sensor_tr_1857_1st_4270.csv,3.397907018661499,0.5122338630151493,0.686733990257357,0.5078332153008229,0.6875940812361057,0.6739085751714038,1.0,0.9999999999999996,0.7448559670781892,0.9994647372190831
540_SMAP_id_10_Sensor_tr_2051_1st_4575.csv,7.1368772983551025,0.036053552123617445,0.37427038203621243,0.03959952790921529,0.4562974881711785,0.09739781352557463,0.9973190348525469,0.6666666666666662,0.2900763358778626,0.8995806733175937
541_SMAP_id_11_Sensor_tr_1832_1st_5300.csv,7.652009963989258,0.1036499639914839,0.406578189535294,0.09834909736779593,0.4516143244129596,0.11575286283195338,1.0,0.9999999999999996,0.3359334373374935,0.9915835777328686
542_SMAP_id_12_Sensor_tr_1908_1st_4690.csv,3.7061660289764404,0.3319179084926805,0.8026830086024335,0.1037615949855042,0.8881138750729111,0.4888846025067174,1.0,0.9999999999999996,0.4343434343434344,0.9984548760302584
544_SMAP_id_14_Sensor_tr_1978_1st_4450.csv,8.716398000717163,0.010295110782235531,0.24090872879800215,0.014734933140253242,0.38449496555032786,0.027680525030832327,0.6768292682926829,0.027666999002990997,0.029487179487179487,0.7363346440832278
545_SMAP_id_15_Sensor_tr_1173_1st_2750.csv,2.6408851146698,0.7170668735923655,0.998386429108481,0.9706143079678254,0.999819234640438,0.9174262133087359,0.9714285714285714,0.9111111111111105,0.5652513094840076,0.9989028224232859
546_SMAP_id_16_Sensor_tr_2117_1st_4770.csv,6.55724573135376,0.011046054778155604,0.3287965247280489,0.017006312850065586,0.4674998767554695,0.028313749184917945,0.4129692832764505,0.02817557340784721,0.020774315391879135,0.896622974032011
547_SMAP_id_17_Sensor_tr_2133_1st_5400.csv,6.464231729507446,0.10259450254092653,0.4780889439200764,0.09902639237740565,0.5001377766563304,0.1361140909009073,1.0,0.9999999999999996,0.3492315845257022,0.9769953498003999
548_SMAP_id_18_Sensor_tr_2094_1st_5600.csv,4.577144622802734,0.7486851952004657,0.8893323774269535,0.8150389776971951,0.9477142813849168,0.8461488593324801,1.0,0.9999999999999996,0.7065948855989234,0.9990017198881346
549_SMAP_id_19_Sensor_tr_1998_1st_2098.csv,4.675030469894409,0.37335936420074145,0.6638384649247742,0.3726538749223279,0.7564726797324413,0.5161252029420427,1.0,0.9999999999999996,0.3719326866120935,0.9969293760315103
550_SWaT_id_1_Sensor_tr_43700_1st_43800.csv,117.54466199874878,0.11029999487718335,0.28973515673906447,0.10941764521903269,0.29140444435486584,0.23805264053870553,0.9324157869555038,0.3597243234156996,0.09550195831032611,0.7142483167487724
551_YAHOO_id_1_Synthetic_tr_500_1st_893.csv,4.050211668014526,0.003787878787878788,0.8147887323943662,0.39194160740640693,0.9899796154464444,0.0075470946251705254,0.007067137809187279,0.007067137809187271,0.0022197558268590455,0.9730136867999342
552_YAHOO_id_2_Synthetic_tr_500_1st_893.csv,4.639278411865234,0.015873015873015872,0.9563380281690141,0.7530366185179359,0.9981709150941702,0.031249692385840574,0.028985507246376812,0.02898550724637678,0.004716981132075472,0.9925957450417728
555_YAHOO_id_5_WebService_tr_500_1st_730.csv,4.898035287857056,0.003525806021626837,0.5173031026252983,0.017607875519458357,0.7715517884339476,0.00875256171070219,0.0087527352297593,0.008752735229759282,0.009174311926605503,0.7676099970915486
558_YAHOO_id_8_WebService_tr_500_1st_1125.csv,4.569530725479126,0.04433429418581897,0.22416481069042316,0.05204067661700819,0.320627077794319,0.10617019572084078,0.9634146341463415,0.33333333333333287,0.15976900866217517,0.6673772790488517
562_YAHOO_id_12_Synthetic_tr_500_1st_893.csv,4.626338243484497,0.1111111111111111,0.9943661971830986,0.7431281898122674,0.9990260211505453,0.19999820001619983,0.19999999999999998,0.1999999999999998,0.4,0.9945970283656006
570_YAHOO_id_20_Synthetic_tr_500_1st_658.csv,4.550982236862183,0.0036986850203498314,0.5458715596330275,0.18304737010956776,0.9038489236395136,0.008639222836247787,0.010568031704095112,0.008456659619450307,0.012090589190652352,0.8987030925284207
571_YAHOO_id_21_Synthetic_tr_500_1st_623.csv,4.457823753356934,0.02885071190407304,0.8093327038086244,0.2636563305554119,0.9637697027843957,0.09374758307012397,0.13186813186813187,0.0718562874251496,0.040875912408759124,0.9052851791023534
579_YAHOO_id_29_WebService_tr_500_1st_1342.csv,4.929919242858887,0.0007326007326007326,0.18761167361524722,0.0471193489972547,0.7394810302592034,0.0014641142129143438,0.0014265335235378032,0.0014265335235378017,0.0009945300845350573,0.9883906167103994
603_YAHOO_id_53_Synthetic_tr_500_1st_893.csv,4.930476665496826,0.002617801047120419,0.7316901408450704,0.5020627570070453,0.9677682550663745,0.005221880032423697,0.0014074595355383533,0.0014074595355383517,0.0009555661729574773,0.9792398454171458
644_YAHOO_id_94_WebService_tr_500_1st_1078.csv,4.168590784072876,0.03186023655678356,0.22419607843137254,0.03513289365958926,0.24675223204744373,0.10714184312184188,0.21176470588235294,0.09940357852882693,0.06852647221197221,0.8728525746040096
645_YAHOO_id_95_WebService_tr_500_1st_1047.csv,4.648671388626099,0.0011614401858304297,0.48779035139964266,0.006169488004387502,0.7921644828080227,0.002320162440140824,0.0021208907741251323,0.0021208907741251297,0.0018674136321195146,0.9824403860302067
649_YAHOO_id_99_WebService_tr_500_1st_1386.csv,4.935117244720459,0.002506265664160401,0.7629541393686718,0.08164020560703969,0.9638147568067376,0.004999950125497498,0.004962779156327543,0.004962779156327537,0.0076045627376425855,0.8443724510477066
657_YAHOO_id_107_WebService_tr_500_1st_1260.csv,4.595788955688477,0.001288659793814433,0.46143154968728284,0.6253769730474091,0.9860532867847644,0.0025739768673610154,0.001388888888888889,0.0013888888888888874,0.0007482229704451927,0.9795137658040879
658_YAHOO_id_108_Synthetic_tr_500_1st_893.csv,2.7137742042541504,0.07692307692307693,0.9915492957746479,0.798588021664034,0.9992709034499645,0.14285581633884828,0.0909090909090909,0.0909090909090908,0.0625,0.9956583198707588
672_YAHOO_id_122_WebService_tr_500_1st_857.csv,3.1624412536621094,0.0012315270935960591,0.51697438951757,0.0081135738970855,0.7886362379138631,0.0024600000305040003,0.00234192037470726,0.0023419203747072573,0.007575757575757576,0.6668880075949079
680_YAHOO_id_130_Synthetic_tr_500_1st_893.csv,2.8990931510925293,0.0017271157167530224,0.5929577464788732,0.5397642355504545,0.9768862563339664,0.0034482414391070124,0.002994011976047904,0.002994011976047901,0.0027510316368638235,0.9802950613123923
689_YAHOO_id_139_WebService_tr_500_1st_1073.csv,1.1961195468902588,0.0008795074758135445,0.32340678975580706,0.014194839407961221,0.8535146014804927,0.0017574516852147093,0.0016849199663016004,0.0016849199663015986,0.0008631851532153646,0.7114344083601734
693_YAHOO_id_143_WebService_tr_500_1st_1003.csv,1.1983518600463867,0.0041428913110329035,0.751578947368421,0.06183940609920398,0.9419020422577168,0.008810484970502056,0.006329113924050633,0.006329113924050626,0.007104795737122556,0.7546782843962739
701_YAHOO_id_151_Synthetic_tr_500_1st_893.csv,1.3741240501403809,0.0007496251874062968,0.061267605633802846,0.47125294360102254,0.8814757291187868,0.001498112370922076,0.0014074595355383533,0.0014074595355383517,0.0013306719893546241,0.9792398454171458
723_YAHOO_id_173_WebService_tr_500_1st_1214.csv,0.41202473640441895,0.01796321134316919,0.880818053596615,0.34713373424939514,0.9862978551529327,0.05555450619266081,0.046511627906976744,0.04651162790697665,0.05555555555555555,0.9629637420968703
724_YAHOO_id_174_WebService_tr_500_1st_1030.csv,1.403869390487671,0.002903482911947118,0.39522388059701485,0.030155183647191722,0.7501827518591752,0.00648081680170939,0.005938242280285036,0.005938242280285029,0.013422818791946308,0.7702542686053118
734_YAHOO_id_184_WebService_tr_500_1st_768.csv,1.2787961959838867,0.5080264583544368,0.8512507406548677,0.6296502913819736,0.9073066146976309,0.6512555149206465,0.9497907949790795,0.8036529680365292,0.45219438083361696,0.9556423610171231
741_YAHOO_id_191_WebService_tr_500_1st_1114.csv,1.4999616146087646,0.001777030440823544,0.4970202622169249,0.012357852290511808,0.8160745418746584,0.0035586479415356848,0.0033222591362126247,0.0033222591362126177,0.011627906976744186,0.7659435435805895
755_YAHOO_id_205_Synthetic_tr_500_1st_893.csv,1.894033670425415,0.030303030303030304,0.9774647887323944,0.7231163512728451,0.9982909864172793,0.05882295848305002,0.0014074595355383533,0.0014074595355383517,0.0009799118079372856,0.9860900058445348
762_YAHOO_id_212_WebService_tr_500_1st_1055.csv,3.5801331996917725,0.0011940194229022568,0.2729439809296782,0.004781693419906933,0.5327916061487369,0.002721061261782773,0.002379535990481856,0.0023795359904818536,0.0034877621923670144,0.8215054132765517
780_YAHOO_id_230_Synthetic_tr_500_1st_893.csv,1.8375356197357178,0.0015015015015015015,0.5316901408450705,0.482096278347375,0.9272024225752739,0.0029984708098716737,0.002366863905325444,0.002366863905325441,0.0020876826722338203,0.9792398454171458
788_YAHOO_id_238_WebService_tr_500_1st_973.csv,2.419708490371704,0.007462686567164179,0.92078618225134,0.010462285420787669,0.9312622708239526,0.014814667765519957,0.014184397163120567,0.014184397163120551,0.01904761904761905,0.6666775385066979
797_YAHOO_id_247_Synthetic_tr_500_1st_893.csv,2.172178030014038,0.0008,0.12042253521126756,0.052583233596912894,0.9399418056362642,0.0015987050489103826,0.0014074595355383533,0.0014074595355383517,0.0010899182561307902,0.6839314630281711
806_YAHOO_id_256_Synthetic_tr_500_1st_893.csv,2.853342294692993,0.0047169811320754715,0.8514084507042254,0.5657866682708985,0.9911000927152924,0.009389577906548534,0.009216589861751152,0.009216589861751142,0.0027739251040221915,0.9862771439969686
807_YAHOO_id_257_WebService_tr_500_1st_1210.csv,1.521461009979248,0.050486473533411236,0.7914837576821773,0.233292009578845,0.9225152779392838,0.14953003760563627,0.26315789473684215,0.15686274509803902,0.13887957061388795,0.8252596360118057
810_Exathlon_id_1_Facility_tr_10766_1st_12590.csv,58.290913820266724,0.21716835777832513,0.7273923201092172,0.21877302266875842,0.728259138318286,0.3733483429979381,0.9943306510607169,0.4070994166563234,0.20502851432641384,0.7507832891745798
811_Exathlon_id_2_Facility_tr_10766_1st_12590.csv,67.59544730186462,0.6750981462415195,0.9045271660497392,0.6729034518155464,0.9052477722958134,0.6148499237496348,0.9999080459770114,0.9972451790633603,0.3336387206909977,0.9966121567989902
812_Exathlon_id_3_Facility_tr_10766_1st_12590.csv,81.56698393821716,0.7757712159876295,0.9335095926746709,0.7791848407097525,0.9402652541653864,0.704443285893837,1.0,0.9999999999999996,0.3340448215902848,0.9991732783084669
814_Exathlon_id_5_Facility_tr_10766_1st_12590.csv,79.73825764656067,0.5878583942342313,0.8805335029144035,0.5851953158528731,0.8813200290967302,0.5831374452253144,1.0,0.9999999999999996,0.3339465037968154,0.9970471606727865
815_Exathlon_id_6_Facility_tr_10766_1st_12590.csv,60.96874237060547,0.8632809189084181,0.9623695810670995,0.8663434203810731,0.9686491523225211,0.7910301796106995,1.0,0.9999999999999996,0.3341810620491924,0.9991409224957741
816_Exathlon_id_7_Facility_tr_10766_1st_12590.csv,100.46734285354614,0.5446492795471456,0.8615644238873146,0.5456729116375649,0.8626369520911354,0.5910025856706586,0.9999080459770114,0.9299363057324835,0.3256160046438966,0.9784758689367594
817_Exathlon_id_8_Facility_tr_10766_1st_12590.csv,40.478442430496216,0.30181021561402543,0.691073233489096,0.30107861925494384,0.692049733272292,0.41085210457611804,0.9999080459770114,0.9545454545454539,0.3284898033002555,0.9706299047859946
818_Exathlon_id_9_Facility_tr_11665_1st_13484.csv,102.6640613079071,0.8113359394880499,0.9405726615265658,0.8352116288687182,0.9537078491844527,0.7963362791809594,1.0,0.9999999999999996,0.3418815962139082,0.9982213374065295
819_Exathlon_id_10_Facility_tr_10766_1st_12590.csv,90.02127957344055,0.5454398687391231,0.8462573426463911,0.5551803208615197,0.8551780381126307,0.5615245132156452,0.9999080459770114,0.9333333333333328,0.32623086189816525,0.9709253407222317
820_Exathlon_id_11_Facility_tr_11665_1st_13484.csv,244.64125609397888,0.5345479671621088,0.8677881647731163,0.5381765998192946,0.8701090687034727,0.515747384514942,0.99965858654831,0.9674008810572682,0.3347199825457038,0.996989512695883
821_Exathlon_id_12_Facility_tr_6985_1st_7085.csv,79.14172339439392,0.3110853672591958,0.7028846371409794,0.3124455913571075,0.7057125415477532,0.3611239341044712,0.9984579006888044,0.9214659685863869,0.3273572073396201,0.9672930297070093
822_Exathlon_id_13_Facility_tr_10766_1st_12590.csv,46.282799243927,0.2536965308491867,0.682512105631473,0.25230904014533584,0.6831585910591784,0.3871950846664308,0.9999080459770114,0.9599999999999995,0.3291888557341834,0.9757701461283901
823_Exathlon_id_14_Facility_tr_10766_1st_12590.csv,48.530437707901,0.7573865384976971,0.9297604347231533,0.7905823276625156,0.9391857960276346,0.7111683336830475,0.9997241886549599,0.9808917197452225,0.33651498883383324,0.9862973963180595
824_Exathlon_id_15_Facility_tr_10766_1st_12590.csv,51.15780687332153,0.45627970908489424,0.782547179386437,0.45506254388987344,0.7831756201259332,0.42886070550462496,0.9999080459770114,0.9716599190283395,0.33207635904749566,0.9886678530440585
826_Exathlon_id_17_Facility_tr_11665_1st_13484.csv,60.806970834732056,0.6189301518447654,0.8868837612939519,0.6213923062909262,0.888842760788787,0.6112018036182812,1.0,0.9999999999999996,0.3348331561530494,0.996119031482434
827_Exathlon_id_18_Facility_tr_10766_1st_12590.csv,35.932393312454224,0.499914582481211,0.8042686123990721,0.4997225931021866,0.8051041760913425,0.4667306681797884,0.9999080459770114,0.9850187265917597,0.6722595363210696,0.9946667901816286
828_Exathlon_id_19_Facility_tr_11663_1st_13482.csv,142.95182037353516,0.3892660881112976,0.8051079022921199,0.4001821921595978,0.8094122265266018,0.4071530662665983,0.9977999661533254,0.9376181474480146,0.33326035931779824,0.9931410168890492
829_Exathlon_id_20_Facility_tr_10766_1st_12590.csv,54.34032917022705,0.5103983260973461,0.8723461783769639,0.5106541475666219,0.8731826608506171,0.6049676879556524,0.9999080459770114,0.9124423963133635,0.3256424046895304,0.9785723451541202
830_Exathlon_id_21_Facility_tr_10766_1st_12590.csv,97.44125866889954,0.5075692172737172,0.7745810667816719,0.5068624805523634,0.7750327490969335,0.500811768069315,0.9993566767760317,0.9836065573770486,0.3339290037769389,0.9977211151119961
831_Exathlon_id_22_Facility_tr_11665_1st_13484.csv,118.38946986198425,0.5582418857270852,0.9012247552654294,0.5598921937219762,0.9034323766238012,0.5324966490475309,0.9993174061433447,0.9560439560439554,0.33285391015124255,0.9946809428600579
832_Exathlon_id_23_Facility_tr_10766_1st_12590.csv,51.221765756607056,0.5671559611137736,0.8777739857826968,0.568602534130835,0.8787189091079526,0.6350082700692169,1.0,0.9999999999999996,0.3339465037968154,0.9815878223857039
833_Exathlon_id_24_Facility_tr_10766_1st_12590.csv,42.0663902759552,0.8639238946083427,0.9623649302765357,0.86803386593274,0.9694784917414125,0.8112962106476064,1.0,0.9999999999999996,0.33433002377207444,0.9988472414252153
834_Exathlon_id_25_Facility_tr_11665_1st_13484.csv,93.2553060054779,0.5100186849302351,0.8510304583081552,0.5125314292460005,0.8532822779308987,0.510905050501318,1.0,0.9999999999999996,0.3344723910991498,0.9955842156243888
835_Exathlon_id_26_Facility_tr_10766_1st_12590.csv,32.783178091049194,0.22468015620244655,0.7134479205034772,0.226401603121623,0.7155327636145768,0.3545294261862598,0.998714180749449,0.5354330708661412,0.25435461817994487,0.8143909312303005
836_Exathlon_id_27_Facility_tr_10766_1st_12590.csv,57.38439989089966,0.914141105131733,0.9738038588247172,0.9184796367432602,0.9803320948878134,0.8364604876520383,1.0,0.9999999999999996,0.334722945974218,0.9993686113467534
837_Exathlon_id_28_Facility_tr_8898_1st_8998.csv,28.84118676185608,0.06510719653009243,0.15283092344692167,0.07279205731509378,0.21925608219727294,0.15397258011894055,0.9978202333632517,0.8020833333333328,0.31132893201541795,0.8688235904399138
838_Exathlon_id_29_Facility_tr_10766_1st_12590.csv,14.063928365707397,0.24533997291031667,0.689749556907721,0.24347003305312978,0.6906421616391129,0.3227182878212591,0.9999080459770114,0.8923076923076918,0.3220360074609053,0.9422318141671603
839_Exathlon_id_30_Facility_tr_10766_1st_12590.csv,30.627684831619263,0.5462766052273657,0.8776267979148603,0.5464007795900521,0.878488512758474,0.6186839751104775,0.9999080459770114,0.9230769230769225,0.3250130733496823,0.9769576071218047
840_Exathlon_id_31_Facility_tr_10766_1st_12590.csv,33.402647733688354,0.49850753011999976,0.8023481804897572,0.4985370901660062,0.8030843697341177,0.4693243142175854,0.9999080459770114,0.9813084112149527,0.33261246546732715,0.9912538206974247
841_Exathlon_id_32_Facility_tr_11663_1st_13482.csv,45.28243279457092,0.5721785509534956,0.8581991879190338,0.6124118082125737,0.8766235937631155,0.5741468114581061,1.0,0.9999999999999996,0.3454958662545277,0.9926228295692747
842_OPPORTUNITY_id_1_HumanActivity_tr_7295_1st_27516.csv,41.495015382766724,0.006885786266214447,0.17868017132366223,0.007600279824837314,0.20964126458966895,0.02238100559268131,0.9620991253644314,0.0851063829787233,0.07572684246112238,0.9862072507474897
843_OPPORTUNITY_id_2_HumanActivity_tr_808_1st_908.csv,6.86968469619751,0.13308893565594637,0.3074196282082061,0.1331238206255469,0.3136012184138508,0.2686403467502328,0.9978156400174749,0.5333333333333329,0.3519260400616333,0.8510868384557216
844_OPPORTUNITY_id_3_HumanActivity_tr_500_1st_566.csv,3.2859227657318115,0.04859621942043168,0.3862272858054038,0.05375562636699665,0.4095731579441522,0.128031661548757,0.824030677460588,0.11637282628316975,0.18604466149337356,0.8472532138086496
845_OPPORTUNITY_id_4_HumanActivity_tr_7295_1st_27516.csv,52.17331099510193,0.013745322932852126,0.1762962181078776,0.010964211862312032,0.18297588220640346,0.02840791908242876,0.9984871406959154,0.7999999999999995,0.31055323105532306,0.994313404038661
846_OPPORTUNITY_id_5_HumanActivity_tr_2085_1st_2185.csv,8.603686809539795,0.020943396573359717,0.18034750143661332,0.023772847822742926,0.20928164826123605,0.07109883623408356,0.756394640682095,0.0710964321411498,0.07736376183805933,0.9017225225680753
847_OPPORTUNITY_id_6_HumanActivity_tr_808_1st_908.csv,5.672729730606079,0.07212515570896079,0.161921211913357,0.0732941933405777,0.16636439879826617,0.22394153521082025,0.9661590524534688,0.22379131116995174,0.36053812935915935,0.7842497027342921
848_OPPORTUNITY_id_7_HumanActivity_tr_1477_1st_1577.csv,17.49691390991211,0.028898065255150433,0.5280518784208821,0.03011026266217133,0.5576408843516498,0.06429334497965424,0.7704280155642024,0.33333333333333287,0.17224880382775123,0.7351777178738095
849_OPPORTUNITY_id_8_HumanActivity_tr_1100_1st_1200.csv,13.880693912506104,0.07069154555958404,0.2861384932899288,0.04988171037687171,0.3054902112760715,0.10826910936747944,0.9991783073130649,0.966666666666666,0.33791111499613247,0.9777426104871854
850_OPPORTUNITY_id_9_HumanActivity_tr_895_1st_995.csv,10.971891641616821,0.027356272928658037,0.4484030706829408,0.03427686279992907,0.4950801376047337,0.060941244547443305,0.7724867724867724,0.06597549481621104,0.07550577034843495,0.6670725985683489
851_OPPORTUNITY_id_10_HumanActivity_tr_6213_1st_7311.csv,31.96156668663025,0.01896399888852472,0.12332921739063898,0.020273945964871077,0.15796895889425727,0.06780122663071231,0.5828877005347594,0.0677992458111417,0.03529935635347933,0.6993674467499933
853_OPPORTUNITY_id_12_HumanActivity_tr_808_1st_908.csv,8.431283712387085,0.07013023356160157,0.12026307317348403,0.07127260603446008,0.12382993473639009,0.22394153521082025,0.9682068673166597,0.22379131116995174,0.36567601063912597,0.8722651656020928
854_OPPORTUNITY_id_13_HumanActivity_tr_1477_1st_1577.csv,16.11039972305298,0.054937958466534355,0.3716333789212018,0.03481079699196297,0.4155915128123494,0.07710756000409417,0.9962264150943396,0.9142857142857137,0.5039217586725715,0.9925930691237314
855_OPPORTUNITY_id_14_HumanActivity_tr_808_1st_908.csv,8.698393106460571,0.0753393804675221,0.17448060777105256,0.07698127181894068,0.18216306928671133,0.22394153521082025,0.9982517482517482,0.545454545454545,0.2864283929017746,0.8952881742426322
856_OPPORTUNITY_id_15_HumanActivity_tr_808_1st_908.csv,8.949738264083862,0.07281435449311177,0.16025414512558456,0.07402881985271861,0.1692066515062111,0.22394153521082025,0.9991251093613298,0.4999999999999996,0.26276775617601594,0.8661420086785274
857_OPPORTUNITY_id_16_HumanActivity_tr_500_1st_566.csv,8.063658952713013,0.04222427408232747,0.2293042385652869,0.05355637989634113,0.30635418544745857,0.1163787330343298,0.9807302231237323,0.47058823529411714,0.1592794241239449,0.9135248693770102
858_OPPORTUNITY_id_17_HumanActivity_tr_808_1st_908.csv,8.799265384674072,0.08276942457354024,0.0904454952079505,0.08954743434059922,0.1004454892799757,0.2239634945936389,1.0,0.9999999999999996,0.33624708624708627,0.9340601816391623
859_OPPORTUNITY_id_18_HumanActivity_tr_895_1st_995.csv,7.529730558395386,0.032635319594539525,0.369274810682373,0.032321955958603626,0.3783187372619701,0.05768794815662069,1.0,0.9999999999999996,0.3358662613981763,0.9850690936435507
860_OPPORTUNITY_id_19_HumanActivity_tr_808_1st_908.csv,2.489570140838623,0.07268957408409284,0.1621731775774345,0.07400842345253587,0.17065367795960448,0.2239634945936389,0.9973799126637556,0.24999999999999975,0.1821071031304624,0.8684447783650796
861_OPPORTUNITY_id_20_HumanActivity_tr_2085_1st_2185.csv,6.333952903747559,0.03221780585848705,0.3609171861045635,0.03579420158816901,0.3736027117090861,0.07118236185134647,0.957284961966062,0.2794117647058821,0.11066464345224519,0.8514694564389429
862_OPPORTUNITY_id_21_HumanActivity_tr_500_1st_566.csv,2.0817692279815674,0.04535280315831372,0.22103531337346377,0.04894269159210824,0.2580547202601746,0.1163787330343298,0.9699097291875627,0.5454545454545449,0.1758042591753512,0.7528096228395283
863_OPPORTUNITY_id_22_HumanActivity_tr_808_1st_908.csv,2.2369933128356934,0.1251446268815084,0.2570964151730348,0.12617915979291663,0.2662763773851843,0.2602920195436164,0.7403565640194489,0.22392306937493842,0.1247539958125075,0.7983443789303465
865_OPPORTUNITY_id_24_HumanActivity_tr_2085_1st_2185.csv,6.240575313568115,0.033517147041715545,0.27235829570992487,0.04041361826394138,0.2988385969207026,0.0712381547087253,0.9951338199513382,0.6666666666666662,0.250633559837881,0.8975576798468771
866_OPPORTUNITY_id_25_HumanActivity_tr_6213_1st_7311.csv,16.740087747573853,0.021448409313800848,0.23718477649570358,0.026097637047330494,0.26868986733447575,0.06780649888962503,0.9965714285714287,0.24999999999999975,0.2004576659038902,0.9644897790749262
867_OPPORTUNITY_id_26_HumanActivity_tr_808_1st_908.csv,5.02881646156311,0.06941677086666988,0.10734860210223998,0.07378158386849402,0.13742914211755597,0.22400742628164225,0.9698513800424629,0.22396548342812295,0.15446392718511578,0.8439001894646144
868_OPPORTUNITY_id_27_HumanActivity_tr_2085_1st_2185.csv,13.859899997711182,0.024122201716431518,0.2615278497101152,0.025719792233233358,0.2819180855081328,0.07111428914899659,0.8275164390490642,0.0710964321411498,0.08513422247875985,0.667437982770115
869_OPPORTUNITY_id_28_HumanActivity_tr_500_1st_566.csv,5.724657297134399,0.055891607857552504,0.12136543663910546,0.07754462873383965,0.21718108289923208,0.1163647283651666,0.9837232960325535,0.6666666666666662,0.3465156656211093,0.9053249324219063
870_OPPORTUNITY_id_29_HumanActivity_tr_1477_1st_1577.csv,18.927109241485596,0.04159449085805511,0.40850314097546575,0.03578133154159139,0.4948336820144639,0.06437512950130217,0.9987389659520807,0.9473684210526311,0.3848947057184887,0.9855561066422186
